sha256:ea72132e8640652012ee0a59f8dcc5e493745e50b3c8deb245ead16c6be090d7,2,107222,1,587,library/known
sha256:b110a156ea92217f8c1cf5b3fbd70680c97791195420f0029f762a7a5b8312fe,132,1366837,1,25672,library/ros
sha256:7a344e5b3663cf66a215586c9fdbd5970238c770e6465d08fdf94e1260424f90,4175,137842507,1,328568,library/postgres
sha256:0e265ec992e5e8b867fa76509bd44e6de8f28e3d1e64293585daccb4c2852115,104,1856124,1,94,library/piwik
sha256:3b8a1a0cc426842b321616f2a5e24ffc25407feaeb1270a82118674f5786ba13,1554,63312457,1,0,library/golang
sha256:49388a8c9c86a6f56d228954eede699c64fce6c671a989e3e21c391859694645,1916,163819402,4,4811056,library/registry|library/adminer|library/eggdrop|library/composer
sha256:a61587624d480f4f00216f6bc8074b36a18190f84c31ade8c078c0fd52e7fca7,14,535546,1,54887093,library/znc
sha256:fba43829b457316709577bd52372c2085a164bd60bd884dcc9490b186daaa04c,3,332589,1,147757243,library/rapidoid
sha256:998ee72febf981613cedbf2e9e4be02b68c66dce7c069b586006ea9066e8815d,80,638911,1,194066,library/ubuntu-upstart
sha256:71477bab39ac8ead1f1002b01955349cb7a6f6ce06dbbb7244079075e64c5b4a,261,4602770,1,935,library/zookeeper
sha256:95785b88ca8822903609d4912df09c6ae0866313da1f6cfeb3a68b0d3bf2a14f,173,1648680,2,0,library/adminer|library/composer
sha256:4e4d9f25161b4dbf44c777820cb4b22d4633541c916c346b5510bddbc0f6196b,27,705026,1,2196,library/nuxeo
sha256:5a2eb2d6aeb049d4c9afc75c760d35e9f13a7bda87b20f8be5ec5adafbc34605,54,2330795,1,0,library/gradle
sha256:4d2d49dc6f2b7793edd41d187af9928d502dfc87ee17f50e80febb09501c2085,87,2915632,1,4837,library/crate
sha256:74939096adac2099667bd29c6885e84ee4f41489c45b88443a8872dfb77f57b2,362,6956228,2,208783,library/erlang|library/elixir
sha256:8eb81fb59d58d243bb28bb74e9a1dbe8ba461835b4d2cd66871b0862633fb45c,87,2915632,1,0,library/crate
sha256:d00aebf5475cdc630587babc47bc5c4ec4402f8bdcbf190590717b3702ef35a0,2,107222,1,12614,library/known
sha256:33a058b0a4944f6c266287c1621db73ba573f87d626c106a3418e5adfd13b824,164,4762540,1,689318,library/couchdb
sha256:a094df7cedc1113abd270d4413af16b24013ba274fe2420cbbdf90f6c65e4efc,3696,95432187,8,237,library/backdrop|library/piwik|library/drupal|library/owncloud|library/joomla|library/nextcloud|library/mediawiki|library/wordpress
sha256:ad3d1bdcab4b0ca41f94ab11c917c609e07c78993870e21d1f71841a7e19578e,5307,93199429,7,87,library/sonarqube|library/openjdk|library/maven|library/nuxeo|library/jenkins|library/clojure|library/gradle
sha256:5538b36d7c4bd126e66dd381acd03c2bcbb2d6880db300d5768a5b9fd4cd5e1a,249,3941799,1,138455,library/rocket.chat
sha256:fce5728aad85a763fe3c419db16885eb6f7a670a42824ea618414b8fb309ccde,1538,35516095,1,44311080,library/java
sha256:3b27fd892ecb54137910751102dfb835b185276f359a85b2ba953ce4436a4773,711,13002412,3,77476563,library/zookeeper|library/storm|library/neo4j
sha256:877611c22e8748d7e9297bb18d5f5ff35b3d66a53fc46005e2adecf3714b49a3,210,4439583,1,5052,library/jetty
sha256:02d3e6011ee86731c6442c2989f3dbe0ca0fa32e2d3d2cb4298655e60e105023,5189,164537584,1,241289591,library/mysql
sha256:c320f264fcd8c6534d5e4cc8e9b5fa22d40804d3601cc178cd4416b19b06130f,669,15680003,1,18409,library/cassandra
sha256:4608a1c4fe4712ef28612fa8ca8373b1f02936cb5b8f4baa96545b0e09e00881,195,939972,1,62654065,library/celery
sha256:ecd7b0cc509feb335e7bad16c312e56031221eb1e51665283df9b29ea6017dde,154,3886186,1,968,library/joomla
sha256:689a1b344d366b8ce57b981bb46969493bdb146bda90e10ebab98bbde57c99f0,3,332589,1,87,library/rapidoid
sha256:1d8c65d48cfafbaa45aa6fee3838f34839e3f1a15a6fe3e6279106876480f971,5189,164537584,1,21711,library/mysql
sha256:e12ab5e3208707d3f316110e7e2b70c314c3e8c47e731a3446a4c7d438ed44a9,2830,51725550,1,587,library/php
sha256:db72914a7950967385fa943ba39e03c8543aee9789b57a67b07bb96f18a9b7ca,86,1120216,1,1526,library/aerospike
sha256:437038dc2fba4b6e42e5435236bbc45d0ef1465aae09069c2a83000ee7d28561,80,638911,1,1621310,library/ubuntu-upstart
sha256:7025772f9b601093d0f4d16474bab88bca8f180d1e3efcb47899fac48a62c86f,710,2658278,1,1402184,library/rails
sha256:0c039dfb6b17660f30cff8d05ece4eef41f7659aa48b425d2343a37c812a1dd0,403,7979712,1,0,library/neo4j
sha256:1274cd4a8e62dad5de51def15177f4cd50cfa90164a47fc5b1975149a2cf6886,2,107222,1,35030445,library/known
sha256:75a822cd7888e394c49828b951061402d31745f596b1f502758570f2d0ee79e2,1306,7229302,2,123057319,library/django|library/rails
sha256:d2a36b85821fed410344d6cfd4fedfcd648f79c0fa141e76aa1a3a23eb749cbc,123,1128362,1,58763919,library/php-zendserver
sha256:3d5bbf570b9473a8c961c669aa35b62e61f6c5f280324f49a108d1b7d1adc94d,386,8663617,1,1497294,library/sentry
sha256:8b216fcd6f342c85d526fbcfd4c690631b1eb2d29010bd154d4d875fba210217,54,2330795,1,80838781,library/gradle
sha256:d19fb46b374103061334ebbc7499c183dfd4c875eb93e9141a94d2cea6cb42e2,221,5982794,1,189,library/nextcloud
sha256:e4665cede9d1cf30769226da349e1f7e35bf16f75d90688b9cab8569ce00ab79,596,4571024,1,7449150,library/django
sha256:3b43b3b913cbf2bc760d865112caa9e70367bb9f477607a162806f6fe4bfc0c1,7094,226818448,3,4515304,library/percona|library/mysql|library/mariadb
sha256:460785dba7d40f76f8bcc5fd00a5d65cdec267a85163486a47ba12dae7ae91a9,481,5969464,1,72464555,library/redmine
sha256:aad669b21aceae7d0c5b043698000e1165001f0c67b3c572563cd52abd0f3ced,194,1411214,1,26983902,library/mongo-express
sha256:1e6d305877aad419ac7753d20cf71f77d47ce2ba125f83e24103ffdce64d1d5e,54,527090,1,87531611,library/bonita
sha256:afee5ffdf5caac971a066aaff1a291289b424c64fad771466ce6d695c96dfc90,362,6956228,2,2780250,library/erlang|library/elixir
sha256:c2807e33cf8416989005a833f0b1cf36ccb635a9c1df5b00dbc1862dfd01330c,710,2658278,1,118161349,library/rails
sha256:33a750c2bc721328b6bc20e29fa2b7ba0c01702a394f9001473d42430bfdc543,102,2417964,1,0,library/arangodb
sha256:eacd3c6f5057c1ec8ad588ab159739748a337d7d24fead2ccaa7f0a3cd50152c,344,23265886,1,3638,library/influxdb
sha256:91bf331c356eb56dec25ee3f96ce749a7f98de3436d8c1c1d251c0949cb9a21a,130,777109,1,525342,library/composer
sha256:696042d4c883abe65bc8e0a100a507fc90d47c2117abe7015ce2054710edae0d,164,1901791,1,244,library/websphere-liberty
sha256:a1b7ab58e8c9e19457b18fbbb0854176567bbc8ce504c0990ebef23df1806fbf,54,527090,1,0,library/bonita
sha256:3a9e4b4682a59ad8283a1d6c678018e07ecebfc4a4d0cf24cf35cdae120b5f39,27,705026,1,414928676,library/nuxeo
sha256:0ba82679ed3b8ea8df706a406b36e2f7356ae31318ad9024777424858ac3e7c6,1593,32086354,2,0,library/xwiki|library/tomcat
sha256:8e110586720b377e14ccc4b98b52047ae433f581b5ae097553f9798ce652144d,3204,39487083,1,7593,library/jenkins
sha256:23eda618d4513331d49c6de76aaa051919f7b57752bcd8fee3cba37f816cbafd,70,206174,1,194533,library/hipache
sha256:38f3bbe693d1cde5ec11659706d3789a0029a317791dbb14c01677458ee4cae8,3,125622,1,0,library/convertigo
sha256:00e6fc52257bc4fae117e93f49c236285b68add0ebb6b935b95318f9bacfa740,1025,30329714,1,1286720,library/kibana
sha256:ceecfa90fed5fc1852ad9cdf6666ede3c9305c23f22dbb79f563a0dc0ccfa143,201,3143632,1,107911394,library/opensuse
sha256:30ea5ec1d6e84f4fcb999c895edf94aa9b801d88032e8ed646dead015bd524a3,27,705026,1,335001,library/nuxeo
sha256:55da38b94924bf05d02251e6ee33a8250c7a25b6d33cb629b78c44bc625b3a92,55,2033563,1,134,library/kapacitor
sha256:d72ac0c1e3670eb60892f4a8a569fe6493002eb951751d5e3c112499e39ea4ac,402,2139038,1,519634040,library/odoo
sha256:78af6f2a8cd7d66c67961d5ff689d6e22f22ded8f5a41f60557b13c94fb89a3a,451,5933813,1,11186,library/solr
sha256:f5819fcc5a4463e3a62dd31355797dc141111f43d732997727d3f6f69b0dc4c7,55,2033563,1,3638,library/kapacitor
sha256:286c9401eea30ce80c4d2bfbb4bbe618a50affc6af95df4bd5332a7f0cd76c05,1036,78787202,1,311,library/logstash
sha256:7a58b8648eac8bf669de8d30a53551495b9e6a04cde31394904ef718a8ef394c,481,5969464,1,4316,library/redmine
sha256:bfe69a942b238d8561d43157528f6d56e1199d674931df216fa3e92fbc7d84cc,481,5969464,1,157801875,library/redmine
sha256:64c49d1661cefa84896c9f6be9b15f96c99855dfb9d2cb84c2343673586ed070,22,403515,1,330406,library/rakudo-star
sha256:08ec1dd538946617c8a08ff14035b78517b6d0cdd49894663ce21f350e8c084c,5,686660,1,22152008,library/haxe
sha256:58a49fca3a63bd08609dc3d61bdb55b21e3ff1a7f6eca5fd3ef8a1bef24880df,194,1411214,1,6819,library/mongo-express
sha256:2726297beaf19be957416750338c095ae15b94adc0e8c1306cebbf113f8b9a5c,122,4932856,1,44641329,library/iojs
sha256:4630258fa34c97703e22e06ab5d7737bfd0f55d2a03c69c67abcef96cbec3cb7,344,23265886,1,3824,library/influxdb
sha256:c2ba66818ae951b7089e5999a80552f2886b39c6e760033d4f18408f14b89539,86,1120216,1,78278067,library/aerospike
sha256:778c9b7d1be83db4e8c40d01725abccd95dbbb640bf74e9aa29852b66b4bb697,801,10122791,1,3642674,library/owncloud
sha256:9de06a08ec25fd05f6604d686b38122e6f1a763e6e5f9567937bf77f20eff653,195,939972,1,335105,library/celery
sha256:4853d1e6d0c10c3eb4de7eabd40e8cc9b20a78c3ab1754bcb1286658448509b0,5307,93199429,7,33,library/sonarqube|library/openjdk|library/maven|library/nuxeo|library/jenkins|library/clojure|library/gradle
sha256:8a6ba8e6ee331b0750aa835c0a020d67d75078c26dcff0dde55d7020f1461dac,14,535546,1,346,library/znc
sha256:aeeeae0a87bc935ffc351650ac69faef2f97586f7dc387fbe987cd3f3f167790,669,15680003,1,1255371,library/cassandra
sha256:b4fcdaac63bd0bb74b2c804338b56c63ea7a4403c5170432b223cae4479e6a2d,123,1128362,1,89,library/php-zendserver
sha256:3cc856886986b19939654b22c57122f318b7b22c2e830f0549bdbacad2f95c98,3787,138591065,1,6418351,library/mongo
sha256:0068f186b99598fb991289ae1a9ae821fdbda41cc21658f8ad90e77319dc67d0,123,1128362,1,3062140,library/php-zendserver
sha256:fcc09081ddf8bec98a9ec2e7967b38cac6a6ec74d5b2133d1fdce3356efc4fcf,14,535546,1,153,library/znc
sha256:21fbc71f60bb7708330c2369f914292a8d68d431ee3b9df08fd97149fb5325c3,17,272816,1,317613937,library/mageia
sha256:6fdb65551d43c60fab9414d459f731828401cbac33320cd68ab1a983bd3c0820,402,2139038,1,816,library/odoo
sha256:022bbe93d4a73a7a55cbf47411732e285401feb68e5a15056a47608aa5648a5a,3204,39487083,1,333635,library/jenkins
sha256:3fc3e282a06c7d6a8e8cee14f8fb4f3c40103464ed5d175841b1882e116b86a7,4175,137842507,1,153576588,library/postgres
sha256:cb98a53e667695e6520e91f89aacdb4a94dc8fc74c40f8281d46d78a688e8788,3787,138591065,1,1162,library/mongo
sha256:95248517bb24358b59977ddc42a2702a224ec6410cd40a1edb56742f1651d133,1036,78787202,1,197016224,library/logstash
sha256:759e89780e9453c2717d7a37138ef45c06df5524f7c49e6314a50f8803ec0e82,87,2915632,1,196601377,library/crate
sha256:e49f56a4c138661d7d2d63b0762fdfa5348f481b626be1738cbf2c5fbe116f69,402,2139038,1,0,library/odoo
sha256:50d5196ae755cf119d07973c5f030ffd426b624890e4c072acd7cdd3571f9ed1,72,294982,1,58092347,library/thrift
sha256:10daa23c1d9a637911b241e4e6843df129ced1120596e90af0726ae319f72d5b,4175,137842507,1,0,library/postgres
sha256:6d278db1ca11d77054a28c244e2b8a3b7c534a3ab93bb1acc8138868d6e41480,70,206174,1,1624351,library/hipache
sha256:966dd11d5800be6a6e171b85dac67bbe68a93b45524ceb6ad84956124cf0ae69,132,1366837,1,163889160,library/ros
sha256:4087a926fa2633760f2fd0ba30baeeb56fcef96f1cbce3b8f1603eb2ab6630ee,801,10122791,1,104237592,library/owncloud
sha256:c5e2fb2d87cf14b0e5968b7b40cd36663f45d6244a3bd37c1204d928026aa952,1603,32345543,3,33,library/xwiki|library/geonetwork|library/tomcat
sha256:44212202dc6d55870c29a715177456263a88f9c4728f9bf3efc9bba859862b8c,774,53268289,1,0,library/swarm
sha256:5671503d4f93a519cf211982c698f0185372a3818c88ae153fecccebccb02d2c,7094,226818448,3,330368,library/percona|library/mysql|library/mariadb
sha256:c4187e4894be2327c1822ad3ed536cd52cddfc9ff3ca289949d556c9cdba496d,27,705026,1,612013431,library/nuxeo
sha256:959be65ada49d1b4bbf640d32ef70f7b6600b6300432ab43e30fd2de3f0cecf1,386,8663617,1,334785,library/sentry
sha256:4f4eef5efe8bffdc36da3b79578951ba6beedb075a348b65df4fd160ff4294e7,132,1366837,1,19284192,library/ros
sha256:d04cb351bdcf31f1e948582425762bcde1c510bf9fa7b1826f1897dc9d0ecb88,164,4762540,1,81337432,library/couchdb
sha256:0aa7fa977cd85c1f200e2532f359a9de53cc54582509a391c3c0b0e86efe3bfa,42,2169817,1,73222,library/tomee
sha256:bc95e04b23c06ba1b9bf092d07d1493177b218e0340bd2ed49dac351c1e34313,9713,1050384906,5,55266918,library/rapidoid|library/memcached|library/rabbitmq|library/chronograf|library/nginx
sha256:dd82f49403dcdae99087872b3cd3e2447f0dc51765691782c9623243e5c47da4,853,20258719,2,4162962,library/ghost|library/mongo-express
sha256:9f7a01d6fde47aa24f6780e059c0dca1de29efc3d3cad0571852acae5371b241,190,671160,1,499995408,library/r-base
sha256:a0924273b8b2d4a1c7786f178e39be9acd4792eb44c1d78e9b0a945cc4f05ec5,431,8854293,1,50,library/rethinkdb
sha256:ce6c9079d62c54613fe2f1abf70b9175b33deb4f7620135b23dd1dbfde8b0705,221,5982794,1,3523041,library/nextcloud
sha256:9bd54a3552a797f63c96d6a5ffc71ecc737a6fea53476e77ceb9d0231f9cd5fe,31,515499,1,71,library/gazebo
sha256:57de64c72267e88e952b064236cb906c7626f7c07a1a2d5900cf6953e72632b3,710,2658278,1,44314605,library/rails
sha256:078ccc3ceec94a140d9db3c6880d80d705ffd2a98a89fed24734003dc5d575d0,801,10122791,1,175,library/owncloud
sha256:e537787e6149576c3a8c4dc46e24ebc56a438d340b946c92ece8700e1a60fc41,86,1120216,1,902,library/aerospike
sha256:113d3aaa4a39635c88b21c8818a5b15af11009af6ae1f448ea89581fc25de3ea,255,5252603,1,32,library/couchbase
sha256:38dfb50b69720eeaf49506618fb99d1b6ddaad6e7c488fd794bcf27d7d4c0896,164,1901791,1,81095794,library/websphere-liberty
sha256:a601cc0211c0b534e5ee405d9a72cc42bee3cedc793c836661a67fa94f3387ec,22,1263324,1,3244779,library/flink
sha256:d38d1f1f34f25c25b76f495bfff60c00a0abf2b8ca6ea1db78e2b7e1f1037211,40,1651108,1,152,library/neurodebian
sha256:4aa10537024dab2c0b0195a8588a3f13cdc4bf359089fa22866b64ff1766fbb0,47,419930,1,95775800,library/storm
sha256:992a64f113d8a37466e95962696ba34ed396c5ea1849354de410e7999d9baec1,801,10122791,1,587,library/owncloud
sha256:b113c1687009056c4a687ff44a671a70259a22036be80bfe4ea20dd29239be61,47,419930,1,527,library/storm
sha256:bb9eff5cafb0142f09f1a6ff709e01b177b4c897ee8d72c7deb2dafe2ee3d084,134,13272193,1,671,library/nats
sha256:9806deb7d644cc5bce77afe5e65a22ce87a7d346b10bc863688ad2d99425cffb,240,3837633,1,360373086,library/mono
sha256:dde51b6223bef9cb84e116c75c8980c137143e376834d5596995c97e8db2995e,87,936606,1,37102703,library/irssi
sha256:6a1988694d109a9aa55fd40491ad567a5d6fc85b47a63335c89669025d2a98be,0,611572,1,1856,library/hello-seattle
sha256:3b52deaaf0edb8a0282a08dd9c9e25da2050a75739b832ecc6e29941394933a6,80,638911,1,194533,library/ubuntu-upstart
sha256:74e5f889d07329e4e470e24a146d4fea57ac0b483a47305a1a04e44dd0d0d8ab,87,2915632,1,123,library/crate
sha256:b2a3381fa39fc72da76d0d90f92a033daa57bf957fd08bb4085313b9f7898b1b,298,7913099,1,34,library/percona
sha256:dfe74964d154fc35d78b2d0a76ed2066daf1241d14fd464008c50fbe38138802,164,1901791,1,18601121,library/websphere-liberty
sha256:9015332743b0c11e2dbc82bdfb4437dc0227f632ec625c2d1e487cf74cfee150,43,1491464,1,212,library/bash
sha256:cd90906ad4c405c1f58d6c090c4591b194167420dbbc265ddafb9f14fea131e4,861,114787956,1,3017444,library/memcached
sha256:e0e31c1862427cfb8d8a464c7a91b059e914f511a2901cbf26ed269d0154ed6c,542,15131730,3,556272752,library/perl|library/buildpack-deps|library/rust
sha256:3db7788976a6e98934f57b2cb16f6f222069d3d7cf89b09d5d28692b98480e21,232,2286917,1,811484454,library/gcc
sha256:6bd3d457e27acefd70f4ff93b1b20794746e0a49eda0630f9e68aed3b7e910c2,710,2658278,1,45394803,library/rails
sha256:741895b4a0e13996afb091043e08df318325b570139735207f2ec3e58902e980,261,4602770,1,4824,library/zookeeper
sha256:34f141cd5c7a0c9644d7a3bd20e3adb472b632551c5a151e8b206be369d5967f,21,2570191,1,8650688,library/nats-streaming
sha256:3be56b495ee2e56ae214a7e65625f1e2e2ba553dec5b5d09cc073af10f0b0b82,110,164517,1,571646603,library/swift
sha256:9f9dd5561a9ca2e14e37f70d17a4006026371fad5b36321a7336d6a50a621b2c,130,777109,1,74319406,library/composer
sha256:b44a1bde7b7cdb16d85e707f4f3874c64a6b1d2b792829f1141c7c41042111d0,1025,30329714,1,1220,library/kibana
sha256:6538060810c1f5b4cd7bee59809fc1312515edec9d9f5a605dd5b657dbf97cd7,164,1901791,1,1622,library/websphere-liberty
sha256:7f8e3b7b49854c0091a969e31aa65f36db4a136fca1ce8bd85e92b707c4cc122,669,15680003,1,3103216,library/cassandra
sha256:3f5af1cd88968141ea2def302ad80f1d3f58d984eab17bcf8c22232c8b779e74,386,8663617,1,202892947,library/sentry
sha256:1118188c1dc13eb40078fcbe939d667f7c275b044fe56a25f6f1990efb4d3240,22,1263324,1,164140877,library/flink
sha256:0ad129e522c191ea6f2f9925bbf03139d463804991dd5e4a2022783c3abd194e,221,5982794,1,0,library/nextcloud
sha256:fd6ae81d5745d569ea65dbdf9422d1e183bb475548a2d6c7f23729ea86d27fcd,2234,70601536,4,6381,library/backdrop|library/piwik|library/joomla|library/wordpress
sha256:99445470b9b62d6b30baa2b57c1cf40203d7c5b5597f36911f81e4dc561109e3,4175,137842507,1,0,library/postgres
sha256:9b03a4223e158be501f5c3e1b0616614d14b56167b601e81088c3170efc8b257,210,4439583,1,0,library/jetty
sha256:fef1d6d1d6de4cf6004dad4b13e4472a8015f40682a11712a6187e4c8ed53b5d,249,3941799,1,343590645,library/rocket.chat
sha256:74d44b20f851c8ef0b042070ba8eb018b386f50fdae5c37871d3fe7b4cfb4956,1603,32345543,3,23837045,library/xwiki|library/geonetwork|library/tomcat
sha256:7173abb51e92139764857c70ed8931e9f019e7bd87614c2c075e63576406fb06,386,8663617,1,1946,library/sentry
sha256:e3bf6fc1a51d458237feb9dce24f825474e79effcce1beb49116c63a7fcf56dd,2234,70601536,4,13798358,library/backdrop|library/piwik|library/joomla|library/wordpress
sha256:d329eef6788a4cb2cafd8c91ee2a6f0541dc4f781b301faa84043c5c96f5635f,190,671160,1,393055,library/r-base
sha256:7a07813393c79975f482a800168ce83e472c87d5107f0fbf9e55173b86b7e95a,4175,137842507,1,34,library/postgres
sha256:db86fb150a4be981cd07fd83dd053a96d43fbfdd7d9858927d6d93e629e653d4,102,2417964,1,12953243,library/arangodb
sha256:b9968e24de017bde25569ec6d6e953c2d8b6cb092390b127cf03112e88195d1f,853,20258719,2,335107,library/ghost|library/mongo-express
sha256:9a731fae33fe7c009f870053d0329ac3c76a652ca448125a3b4dba7494a95aa9,192,1392497,1,3702080,library/clojure
sha256:a21d9ee25fc3dcef76028536e7191e44554a8088250d4c3ec884af23cef4f02a,7204,886981379,1,53115372,library/nginx
sha256:686684e391946154c23e874efaa6302d5bee6127ec05af72cfb1766d5174878f,1600,47142757,1,32,library/rabbitmq
sha256:f120ec54821161678d10e37bda975ac629dfe12dbf9f263d285aac9ec036e06a,403,7979712,1,4377139,library/neo4j
sha256:deb75bb803c437fb1e27b7d2da449653343aeffef9e8574e65437c4ec9896abe,422,8626228,1,30,library/drupal
sha256:003c1818b354888cc37d66173a56d44d1ff2b838f4b0cc3fffd403569686974c,3696,95432187,8,68,library/backdrop|library/piwik|library/drupal|library/owncloud|library/joomla|library/nextcloud|library/mediawiki|library/wordpress
sha256:488dbd8ed9a1e9c5e25ff5a0b8e4746d72316cd991435e297999c26b513626e2,70,206174,1,543889,library/hipache
sha256:81e5e720fe345f5c52d8eeb1c3ef0f659c63ed3022220ee97e5b6c1cde012ed7,221,5982794,1,96184180,library/nextcloud
sha256:23e1d0911488459c307e2c64fc7c7e9b704eac8e203abdce6e2a95bffb0c8444,188,10197714,1,49487242,library/perl
sha256:4603b86cc0c05a41a9a6ad3f65a5ce37b1c7513ce89c62a46d40910cccfad53b,10,350808,1,4931,library/eggdrop
sha256:196baf833c256ae42477bf2b5dc4cca7fa0c76a4999fb4b48068e553d533e92d,104,1856124,1,142,library/piwik
sha256:5f3adc05996e38a93e8e2585cc5df22a66fac151eee215f3491bee91d0b97e52,4421,201774533,11,2048938,library/logstash|library/jetty|library/kaazing-gateway|library/lightstreamer|library/groovy|library/elasticsearch|library/jruby|library/tomee|library/flink|library/convertigo|library/solr
sha256:082b91ba40852753232caff6f9751814db0c5640a09926bd88eb726817b2257a,43,871571,1,5179,library/adminer
sha256:69e829d8f0d28e827108c1c6ff25405743e10cb6acb364dc1ab04670d23c45ee,1600,47142757,1,3027966,library/rabbitmq
sha256:c319e9ec4517b53dc79bf149ac253e8f0934fd3fc78c1e177e8fa4f6c59270f3,3787,138591065,1,3787306,library/mongo
sha256:d619f9c5def65be41397e463680af16265e32e772803735003762d31aa9fddbe,4175,137842507,1,3037908,library/postgres
sha256:71a284265c3f90cc33854d30a72bd9e41407eabf2cc50a4cc6b4f3c214806df4,59,6679809,1,1689386,library/jruby
sha256:575a12abf2195086f9a454f65a8c45b196b5610323c0a07561e599d4188feb28,10,350808,1,6305869,library/eggdrop
sha256:c59d01a7e4caf1aba785eb33192fec3f96e4ab01975962bcec10f4989a6edcc6,7186,312434674,6,745,library/aerospike|library/bonita|library/gazebo|library/swift|library/ros|library/ubuntu
sha256:adf6d2d8db30eb1cabb2310a5596cb4c8ec3363d8d3199ddaf5dc51222c7120d,199,2452107,2,185044253,library/ibmjava|library/websphere-liberty
sha256:1223757f6914df2388aa90e4a1eabb5628154e6492c6103e624f460e2149cf87,2283,50771773,2,5240615,library/python|library/hylang
sha256:5409e9a7fa9eab9287c6992a75dc9b70811a01e96a24872a02ad07bad557b20a,249,3941799,1,44578087,library/rocket.chat
sha256:d2c947cecfaa0b18f0e46ca4566192435c52e854693a3519ce0115c350f4c9ee,123,1128362,1,72,library/php-zendserver
sha256:bd6878f7a0d282f0336b2d46fb350b287f5c88f303d2bdbfc8dd6f4eb2a8f5c4,43,871571,1,3081,library/adminer
sha256:9c68f805f1b2631b5bccda38286b8eaa7d4360297d105a38ead7fe81e0a6ff72,12,431900,1,173097,library/plone
sha256:537aa54be4bf7a257607e0929d9076a0006c73a6ed9f03b9ecf04580f8109d16,87,936606,1,335105,library/irssi
sha256:f169c9506d7479c0ce61575a67c1639e6dd6fe19ecd9e9280470fa0550ce87d2,134,13272193,1,6526080,library/nats
sha256:e16ef4b766841014d6a902f034f0f67698bcbebc1b4c36ff3574d3730e79e2ee,1733,161819914,1,295,library/registry
sha256:1ee9a40e5ef0ec73c5a4b3fb75e596a223d103c2275113d81e023ec3e4856e24,255,5252603,1,33107449,library/couchbase
sha256:d360abbf616c738bf25e95ce5638f812b7a2581567321db1d364eca2d08e6a90,1318,336583172,1,0,library/httpd
sha256:9190ffbd22711342d4d9be34c22d639f1f0f3abfe997a5c93cf50107b7a58a81,1600,47142757,1,332992,library/rabbitmq
sha256:f3c1c5079ad0c8bedec817c2d7be33d0cd57c397e3e3916bb9e2453e94ddac62,2830,51725550,1,33667351,library/php
sha256:6f7dfc36e2e889325f40b9a2341ed1282be5952be50cfc56cb2bee990572c6dd,18,98838,1,0,library/mediawiki
sha256:45bea5eb3b594bb7fe70986b3b94a1c8e10ae64eb0d629d432f1f040407ae4ff,2815,391374231,3,55,library/cassandra|library/haproxy|library/httpd
sha256:5d3835484afecc78dccfa2f7d4fcf273aacfe0c7600b957314e38488f3942045,248,26479632,1,274670,library/traefik
sha256:02185372c549df42a3d27c55dad6bc68db68ec255faba7865f6d363d0eee294c,1607,54367765,1,119,library/mariadb
sha256:58e3ef53aa42188ea244b21b5f55d29b96909d4af9c5a19fa1e6fbabcb9d00f3,298,7913099,1,45,library/percona
sha256:5bc48ebfa00c33dd298e1517555e5cf90655e3b454abc25690086072c4c43cb5,4421,201774533,11,394418,library/logstash|library/jetty|library/kaazing-gateway|library/lightstreamer|library/groovy|library/elasticsearch|library/jruby|library/tomee|library/flink|library/convertigo|library/solr
sha256:ea5057b45b142e1579f1a508431ec8341fef179fe4e1a67fcd5b25bdf5050a4b,10,259189,1,286995624,library/geonetwork
sha256:00ddb097f3f5c1afe2bc6bc6af1ffb9d2f75b300709f69cf02ded0c66318848e,594,16185262,1,231079876,library/fedora
sha256:067d042dd04a08e8863495fac61e8312630cd047f1a610f2287881bf3e1fd698,861,114787956,1,124,library/memcached
sha256:a3ed95caeb02ffe68cdd9fd84406680ae93d633cb16422d00e8a7c22955b46d4,95036,5360629279,137,0,library/neurodebian|library/iojs|library/perl|library/buildpack-deps|library/rapidoid|library/golang|library/ibmjava|library/glassfish|library/sonarqube|library/zookeeper|library/registry|library/kong|library/znc|library/pypy|library/aerospike|library/python|library/openjdk|library/docker|library/centos|library/percona|library/websphere-liberty|library/hello-world|library/eclipse-mosquitto|library/logstash|library/gcc|library/alpine|library/kapacitor|library/irssi|library/maven|library/mono|library/telegraf|library/jetty|library/spiped|library/adminer|library/hola-mundo|library/bonita|library/bash|library/vault|library/kaazing-gateway|library/backdrop|library/influxdb|library/mageia|library/oraclelinux|library/rust|library/django|library/fedora|library/storm|library/nuxeo|library/ghost|library/plone|library/ubuntu-upstart|library/eggdrop|library/haskell|library/lightstreamer|library/erlang|library/hipache|library/composer|library/rethinkdb|library/cirros|library/nats|library/traefik|library/mysql|library/mariadb|library/rails|library/hylang|library/mongo-express|library/php-zendserver|library/fsharp|library/piwik|library/xwiki|library/groovy|library/gazebo|library/mongo|library/cassandra|library/redmine|library/ruby|library/odoo|library/geonetwork|library/memcached|library/kibana|library/php|library/drupal|library/redis|library/celery|library/java|library/haproxy|library/arangodb|library/debian|library/rabbitmq|library/busybox|library/couchdb|library/swift|library/crux|library/jenkins|library/photon|library/rocket.chat|library/r-base|library/sentry|library/rakudo-star|library/ros|library/elasticsearch|library/chronograf|library/ubuntu-debootstrap|library/orientdb|library/crate|library/haxe|library/julia|library/elixir|library/couchbase|library/owncloud|library/consul|library/amazonlinux|library/jruby|library/known|library/joomla|library/clojure|library/thrift|library/swarm|library/tomee|library/postgres|library/gradle|library/node|library/nextcloud|library/nats-streaming|library/flink|library/neo4j|library/httpd|library/sourcemage|library/opensuse|library/convertigo|library/solr|library/ubuntu|library/mediawiki|library/tomcat|library/hello-seattle|library/nginx|library/wordpress
sha256:a453e71e5295dee77d49228c7f72fa9b4bc01b50516622a2aba37adcc32a79ec,190,671160,1,75,library/r-base
sha256:49e2d6393f32abb1de7c9395c04c822ceb2287383d5a90998f7bd8dbfd43d48c,1538,35516095,1,351539368,library/java
sha256:9f7678525069841024e8702b5d9dbc066f2c8970afee9c11248f7af18c147ec3,69,1799884,1,97088346,library/orientdb
sha256:eb47540f7998e1cb74095d01df29b2027f201898787ce956f44ec0a440edd9f8,221,5982794,1,140585668,library/nextcloud
sha256:3e17c6eae66cd23c59751c8d8f5eaf7044e0611dc5cebb12b1273be07cdac242,21219,641300528,36,100094077,library/neurodebian|library/perl|library/buildpack-deps|library/golang|library/sonarqube|library/openjdk|library/logstash|library/gcc|library/kapacitor|library/maven|library/telegraf|library/jetty|library/spiped|library/kaazing-gateway|library/influxdb|library/rust|library/nuxeo|library/lightstreamer|library/xwiki|library/groovy|library/odoo|library/geonetwork|library/arangodb|library/debian|library/jenkins|library/elasticsearch|library/haxe|library/jruby|library/clojure|library/tomee|library/postgres|library/gradle|library/flink|library/convertigo|library/solr|library/tomcat
sha256:db9a0221399f82c8c26cce34262d4a09560e7e1dea6b88f560c841e21b476429,2283,50771773,2,62549969,library/python|library/hylang
sha256:b4a80ada407af48a5ee2553d2cc15013d018ab85a1fd5fa3a018a7720485a4f7,70,784970,1,14326290,library/julia
sha256:448d01b839dad26a5a8963c73ced1f43e8818ee55ae87cceb49fc92de13f7e5e,104,1856124,1,18613101,library/piwik
sha256:4d6e4e22dea8c8db8b5a8a021ce8e9885776276e7f5162037c5b219c3eb4d91b,249,3941799,1,37888500,library/rocket.chat
sha256:90eb3e7908028a267ffbc8ae199cef828d8ec3784cc4f8400c5998de30840673,54,527090,1,37949,library/bonita
sha256:2a809168ab453ee345099ca10ee1914ecd855151127c2ecf00be4b645119c034,5189,164537584,1,34,library/mysql
sha256:d6ff17f7fda8e1568276e6a0904c1ded8ce8bf96b5a21708f2f8147882fcaeb8,669,15680003,1,85,library/cassandra
sha256:50c78b4bdb46e50248e32e7f3ec9c7f48c12a688b1f7c51cd2bb38b2d7cb2ee2,255,5252603,1,242,library/couchbase
sha256:ce7ad7f886e3d31883fbad2af37d4f6e26cec69fcb23202ca8dbd5e29223cc58,451,5933813,1,3399107,library/solr
sha256:ee8416aab538777b6d426cbb54c977903cae16b508f8d17938834ac8624771d4,1607,54367765,1,254630933,library/mariadb
sha256:811db42f15abfcb37d240b8bd22cf970db9a157f51d566d3d1a9135dbe4d6b5d,10,350808,1,27954,library/eggdrop
sha256:868c972bf0108c513b76ad05627aa9f6ac04327cf5dfd858f1e586c285aca424,104,1856124,1,17776505,library/piwik
sha256:c8eeffa923158c860c62ebc0ef2f33101db91733210d9442fc9d8c736c07f1af,2,107222,1,6370,library/known
sha256:2a43f474a7643952dd929d0cf329aa82685b031c21a8d56be70dde6eee381a55,1554,63312457,1,161629401,library/golang
sha256:c2b3b55446582c43b7ca74c861a865e742b547c62cf06dee92042e6874cc65d1,11,317407,1,328558,library/spiped
sha256:b359dbcfde6d888576d344b1b8210c22be238a011c5be2fc5f7a7832f2b905aa,18,185589,1,341729815,library/crux
sha256:92a44dd83a6068bdf7cb49959e00faf226174e8f85a119eacab29c0eaec26b5a,261,4602770,1,3605617,library/zookeeper
sha256:1598de2631913422cde1b7997a39f9d101b9d4ae2c24d7055a43191bf0431bd1,8,863873,1,31069099,library/backdrop
sha256:8c4cc15d0add0238c2aa40ffd08d4b68cf802ac58e981005970477d9ea05e8b6,1603,32345543,3,121457,library/xwiki|library/geonetwork|library/tomcat
sha256:baa8b07666e2e5868706a9228b38c5403368bd280d45058c4d3e60eb972a8099,801,10122791,1,30,library/owncloud
sha256:c3eba3e5fbc272b28ba94dba89eb3cd42a3d8e544074a0a6e0825ac034950cd2,4404,440448781,1,24060136,library/redis
sha256:9196db112ed960331ee9e240c4b307cebedfa8800f9c5f727085f3aa9ecbb2b6,45,1140225,1,34279,library/chronograf
sha256:70983e5b29bb7d7d348f73862d9725173217d881d17b3a54bdc805ffe830cf86,659,6739733,1,1286885,library/sonarqube
sha256:7fe11d0558e920db20cb0910d33517288e81114366bcd8b3ce3233478954a1e1,34,884506,1,324711680,library/xwiki
sha256:2765a1878d4da8aa3135f8e56cfa7e36daa2a263efa8fd09357aba95f6535a98,173,1648680,2,4961,library/adminer|library/composer
sha256:3cbd22648d7be2d478f0c5b6169d74b9a6b0daafb6754f9fbd54cb086509bdb8,3,332589,1,1360225,library/rapidoid
sha256:398de247df587518581bc30213cf48c4b20dd46f81b13616069240fe9d38e9e9,659,18847505,1,9419459,library/ghost
sha256:53d6cac6d07c65636dfb14c807e5e89dc5d6a1c8f0907f6883fd36a5c09f6277,801,10122791,1,93983802,library/owncloud
sha256:be1609d00d66c2b95ac5bfb784d2e5d3d1a4c691ed60842fd333b1205c61391e,22,1263324,1,2698973,library/flink
sha256:9f581d5425d8921fe22c8dafd1c4150777ba5a3fb8110e788546a625ecf89e5a,41,189292,1,127521988,library/photon
sha256:ada810c79ed783e6b4be631c1478579fee59e3e9a8c616a4072dfd1f4f6edce5,195,939972,1,8108588,library/celery
sha256:6490d9c1c05f175dbae6b3f38bfe5fe5551aa3ce9d6d92ebaaa620d7fc5b2392,123,1128362,1,0,library/php-zendserver
sha256:c449418bd11ac5331d71426c6ece8634176495ed253a0bcf048462e3d5b48f0c,2,107222,1,135272020,library/known
sha256:21821cf2a9ec9bb2a239deb57c1a61200ff3143df69c0166eb27fb5bb7825f5a,344,23265886,1,150,library/influxdb
sha256:894cbbbe42767c93ce61c2699236c8a0791d9cb12ae4c6d102c135356931a10a,255,5252603,1,425,library/couchbase
sha256:202a45aa091cf861e5386d46a4b55c0015df3135850c8a920cb7615e6e10dda0,596,4571024,1,63926652,library/django
sha256:831f25e0d2e3370007ab394e90f4eaca237daf25f199112ac76bf0d300da7245,494,15010066,1,10605406,library/maven
sha256:b04ecd8d53c5e71975673f55f93bcec1b30b8fceab0d2facc89ff48eae90cf6f,221,5982794,1,2173,library/nextcloud
sha256:bfefc784c323a9265b8525e896e9ac0b642b4ccc4a6e8f595d46922bcc277094,104,1856124,1,2779794,library/piwik
sha256:e2f132c6d5d9211039a10d2009e02cb5134f0cd53c44b59df9d1d6f6de00be9d,47,419930,1,38435106,library/storm
sha256:0d8a9b80f4da5a8cd130ee2b4751e57f0c7f6b256cb5016f94f82a65d88c4f88,154,3886186,1,155353,library/joomla
sha256:06db575d0afa26f08f4c68dd37e58646d2ecd753b115d5b9f6c9d1b3bddb227e,115,4060528,1,12664587,library/pypy
sha256:3f0effa94b943a8f4b21b92f553cf6fdc34db9f8685e8d36607569066420c6d7,154,3886186,1,190161,library/joomla
sha256:47cc0ed96dc3a88c79f26dc97950ec81a5c35699f48f07662f99c97412af6e95,8626,250062388,7,323892590,library/pypy|library/python|library/erlang|library/hylang|library/ruby|library/elixir|library/node
sha256:45498e4efd6c9c80924594d6845bd7ca2fb404180ae09dcea4bf44b0d15d98cf,106,13588339,1,3638,library/telegraf
sha256:ff7fde430769fd3b587e51b943b69e17847c1520589a58692bd0cfa2323ce75f,34,884506,1,5180,library/xwiki
sha256:a5f9c949ac4c785536e4300430340f54ebdc7bfe0e09d0ff0d235837589e6b48,362,6956228,2,258767917,library/erlang|library/elixir
sha256:64f5fe7e2b2c9d520f655cd4165d2f420449f68a152cf20f926cc7955281170c,2518,99491806,1,1286885,library/elasticsearch
sha256:25eca7682505a2e203b854abc0c11b0fd6fc06036100461268e2b197537792f6,34,884506,1,33,library/xwiki
sha256:5b26cafa72d5c36eb885c0fa4d359dac87ce0ecbb1f8c8dbf8d7f17b4a7385c6,99,635681,1,61,library/glassfish
sha256:6d827a3ef358f4fa21ef8251f95492e667da826653fd43641cef5a877dc03a70,122,4932856,1,123393418,library/iojs
sha256:98d07266b9aae60ed2359ac6c61bd2ee9addc6f944296f1fd88dc7a1c8721565,8,863873,1,19548025,library/backdrop
sha256:cb543654edaf6e61c6ebff00455022bcca5a10cd6f6e6cb0550edf4c8e8fbe2b,774,53268289,1,277524,library/swarm
sha256:21f068559008bb82455087f0fdde6e52e9480f68eebcee871ab2eb1d0e1f865e,3,332589,1,394418,library/rapidoid
sha256:9f94e03c0ff3c15f4b385c0e1d60e72e394035b638ee20493066bcfec24e91c3,422,8626228,1,172,library/drupal
sha256:0695e4ef90ebded1a598ae801df11f4227278597ab89f6d969b3ac544ce38e4b,127,10096293,1,307,library/kong
sha256:0c177023f8576614afe17b0f1ee3e086eab2d6bd9b47972b5af2a2c669b18a12,17,287923,1,0,library/lightstreamer
sha256:04f05fd550d46ea368ed0267eafc2c8f6600a2f00f436527ed1d270e5d1539ea,215,630490,1,923356306,library/haskell
sha256:60170fec2151d2108ed1420625c51138434ba4e0223d3023353d3f32ffe3cfc2,1538,35516095,1,1285039,library/java
sha256:058ce3deb79f46f8cc47c4474b71a601a7d2441ffcf22d24aea55e4cacdc3976,3,125622,1,115825529,library/convertigo
sha256:8410dd17c76f250980f80868d48fef8c392b93edcb8208fdb25b7e4b99fe54b0,45,1140225,1,35411,library/chronograf
sha256:d7a389f431420b95c3301f9d2df4d65d6f14a0c336a107acfeb8b83fa46b23a6,102,2417964,1,4243,library/arangodb
sha256:8ddb1d1e16bbc93d4f8582637a739abc2d9857849d5e20afb65e7ff862a2f258,14,535546,1,188,library/znc
sha256:fa87365b08836aeaade0bbba5722a227c6fa3562db6084c837cc5edb9646adcb,801,10122791,1,13297532,library/owncloud
sha256:387e8448bffe80b1115b514be68c57f4c268509b1655d6d2ab54380bcdc99675,54,527090,1,222513529,library/bonita
sha256:c20de950ce5253aeea1d19e7edfca3d1738e872ab3a0cf6b182bf804e42a3fe8,1603,32345543,3,394418,library/xwiki|library/geonetwork|library/tomcat
sha256:9303c27679f13a82a17f08fd9439330c09f4f63b56469b4de7ae88217ec4117f,232,2286917,1,140143,library/gcc
sha256:a6dc1658c730c7a8278f1f69eecaa43cb356d161f0702603a5eddde6a7843140,80,638911,1,63512035,library/ubuntu-upstart
sha256:338497e2405e3f75ec58d51c92eb19330eb7d63e2da779a7f12f3c2f983f2b8a,154,3886186,1,35965293,library/joomla
sha256:5c44e3227b46df3dc8af605166b028146203805aacaa1235d5935909612eb249,210,4439583,1,3263,library/jetty
sha256:edee691752276ae5b78b3884de45de04c42e00c9f833628e564d6982bf4fc2a4,801,10122791,1,6381,library/owncloud
sha256:df938cc423fe851ce353a838702a2bfeab355c5ee5c8856df4ea8a2af31c435a,18,98838,1,3681222,library/mediawiki
sha256:dd72058debf0b20abcf1ca861c5d62a4e0c4fa0bd9177084f9b108641fbe237f,774,53268289,1,15494427,library/swarm
sha256:98962a8991d8403c1e1734de49d37b92b872a62e1229c805bdf1100df012ab85,130,777109,1,6366,library/composer
sha256:49e4624ad45ffa9e64288f35bb424be1cc94c5a33c573f12eb1e82f04800f417,5307,93199429,7,461211040,library/sonarqube|library/openjdk|library/maven|library/nuxeo|library/jenkins|library/clojure|library/gradle
sha256:292c6e56e62f23c275378e0057822fafbfe125f36198c052ce56349e897ed747,4175,137842507,1,3969,library/postgres
sha256:eca73284eb96b8fd8eb5379018a93a9b9a493763cf2a632f96c58542113f05a6,14,535546,1,75,library/znc
sha256:268410abd9cfbc11b635f95ac458e4af7061aec128041149ce86063cfc8d0aa7,1603,32345543,3,87,library/xwiki|library/geonetwork|library/tomcat
sha256:44753faac15ca98504aa297b8b2bbc354d5cf29045d0915fa02aea4489ec4490,4421,201774533,11,87,library/logstash|library/jetty|library/kaazing-gateway|library/lightstreamer|library/groovy|library/elasticsearch|library/jruby|library/tomee|library/flink|library/convertigo|library/solr
sha256:c9ff68f3dc78afdf6786a2d769b587a8e574a84cc9de5749d90ef418c3f29fcd,248,26479632,1,45314880,library/traefik
sha256:4694ab97e2d52f5c246e19b5eb28485bedcd1884e6bee8b230aa24e90c48bcb1,132,1366837,1,51,library/ros
sha256:7b9457ec39de00bc70af1c9631b9ae6ede5a3ab715e6492c0a2641868ec1deda,99,635681,1,44302584,library/glassfish
sha256:6f56dd791d1645d36192098f9b04837d76556e37e220dba2f27021cd515f638c,451,5933813,1,11694,library/solr
sha256:4fcc22d7b2a11189fcb70a5032798d7a3afd74c64ab638916b20a19995c79554,80,638911,1,2528,library/ubuntu-upstart
sha256:eda220ce0bb6cf4771670ef3f8c0be3ed08f3113971951c1b5d046409aaaafaa,402,2139038,1,530526503,library/odoo
sha256:8f68fd54ff59dd7439732d0d7a1c6fde112ffb93cd2331fdb482ef494b336472,221,5982794,1,30,library/nextcloud
sha256:136c91e3776d6eb502ecb99ae7224ba0a2c4abd85cfb1684542fdc3895309c56,123,1128362,1,2934,library/php-zendserver
sha256:1e1c3e99deb16670b1fab55fc951da6e5a4c0f74f1e5cb288e7c7ff87f7417e9,80,638911,1,2132,library/ubuntu-upstart
sha256:afb684ad7765258b3876f3ee6f96244f254b12c72f6bcfd97af3bd02f7912935,710,2658278,1,45,library/rails
sha256:f2c9a47515f4d38c1c17fcff3b02d3d4171cadb16752bd359ae2ec4fcd48b1fc,99,635681,1,1584235,library/glassfish
sha256:f0be3084efe90c704df85e3bff8df5d858e1ff546511c8306d80de561cc18fb5,70,206174,1,0,library/hipache
sha256:ba034faa6b46c267213644ce8ff3fc78b0b8696c41461ce5734bc12a9853b941,481,5969464,1,11137193,library/redmine
sha256:5f07bfe71db8c74d556de48da426924836d6cd6939e5799cdf2ccf0d60ca796c,255,5252603,1,66,library/couchbase
sha256:62ca07c9fb3f09ab9fd85519cdcf13836f6e80cf7b70d40dd492e08f6b99c9ed,3,125622,1,2321,library/convertigo
sha256:f9bde6c4284bd70608abe0ff147aa7e06a0758debd67680fef924fc3d58be499,1600,47142757,1,4421,library/rabbitmq
sha256:0a521f8eb58b90480558ab2e821342774ee573d6f5c9b163b38c11f7026b7d10,43,871571,1,482,library/adminer
sha256:64fe2be44a590dda30db3f7bc8a86e259348dafad850d4cffa85cd31b936f2e9,199,2452107,2,6942143,library/ibmjava|library/websphere-liberty
sha256:caf1ab82bd6310f15e7efbff1f398db03fb0349225356bf3d93545dd4a797a94,2518,99491806,1,424,library/elasticsearch
sha256:0191ff0db9ad2e7f573b13f90cdcd245c26f0aea1039fdd5cecd8e370ef89c4c,190,671160,1,45075423,library/r-base
sha256:eb19943982ffb474b6006e4dc7644e7f02a577a564e7279a1bb4a64e5faad1f2,70,206174,1,0,library/hipache
sha256:96a62ecf68ae0ebdf2e03bb82351545ac3aeaa64186ed14e975ce8796bcbebda,386,8663617,1,9291,library/sentry
sha256:6270b6114886a6c354433e97620cfcfb4b7f1b87cdf4d042957c2b31d0616551,10,350808,1,1303,library/eggdrop
sha256:90735b158c67ee3e1410a300663f5ce6aa8fbbc6341ea2256d9ca4bbeed4718f,45,1140225,1,198,library/chronograf
sha256:e673fb9c82c4fe2e897efa2211df0b287fbb126ada962c45fa8e4cf9742b24ce,130,777109,1,12207960,library/composer
sha256:d974a8de753d21b0d9999c596952c3d51a5461af6efbff98af91789b6464be84,481,5969464,1,330382,library/redmine
sha256:9bda7d5afd399f51550422c49172f8c9169fc3ffdef2748b13cfbf6467661ac5,7204,886981379,1,22,library/nginx
sha256:f595ab2f751ad5a25569aea581c81aed395551f5a74880d27de995bebb667578,661,14707860,3,1346,library/drupal|library/nextcloud|library/mediawiki
sha256:a4e578f4e63cfcfbac9591a5cb43f5f93855e0bee734d227545ded743b86d972,22,1263324,1,0,library/flink
sha256:c53c75aa3d9b2a5129601a70c634e3fc3c8c6f105eb21757a6f7c0b8c7bbb868,18,98838,1,153574154,library/mediawiki
sha256:f6dbdc66b87432b69cb9cfa7c4b99665702cfdb948724fce6e86676b9b6553f0,130,777109,1,36877602,library/composer
sha256:b5f15cfc5e79eaf46038a10694911739dbcbf595efb77eac0eceae548897887b,3204,39487083,1,1227,library/jenkins
sha256:0ffadd58f2a61468f527cc4f0fc45272ee4a1a428abe014546c89de2aa6a0eb5,1137,402124125,1,1129289,library/busybox
sha256:3ada1143f23b7fb8dd88983378fe302b90fb1e5d8454a3f996bfdb0eae200f05,106,13588339,1,89,library/telegraf
sha256:03d0917d4bbc3a5bc35d6a2f678fd812d630a060ec4e0ba33b62c45adf3b346c,130,777109,1,0,library/composer
sha256:85a9bedd68abe6d870331483496163aca5c81384d1b03151c5f0f6fd107e2480,1554,63312457,1,2478,library/golang
sha256:3ba83d6411e68762c0396b45cd8f48b67a554e0b56cf899e2ca915e34dee2216,14,535546,1,262,library/znc
sha256:4487ab7b462042d061994551f0eece8b68c02b2ce894db6d9d95a4506e75a70c,593,42766439,1,95269921,library/docker
sha256:e19893b2f35cee7b147952be6a53fd5b21fb95973f10b60b6b89bd0fe1b323a9,1554,63312457,1,298248071,library/golang
sha256:31098e61b2ae5029460c46c69ecf26335ffdf5ba5a7e492a104018df593735c9,3696,95432187,8,7837794,library/backdrop|library/piwik|library/drupal|library/owncloud|library/joomla|library/nextcloud|library/mediawiki|library/wordpress
sha256:6740814fee7d22c2efa191e43a283a77e9caa2533832e0e79db4d44361847912,3204,39487083,1,70620203,library/jenkins
sha256:523a9f1da6b9582bcf020d4058ccd9d72137a76172bf1ef29e3a8edb312a7b34,3787,138591065,1,7681,library/mongo
sha256:7cb20d31aa64f1149ec0753d4401ef099edc7e93760d6dcb4a9dd440508f828c,11,317407,1,5261736,library/spiped
sha256:6edf3e7292afc51fcedf32a49630878d6d03747169ed247fdfce403f1823b93d,6,128599,1,722544880,library/sourcemage
sha256:bcbcd4c3ef937fe5c4c7bb9afca55d3d9f3d1068641a1f87b4a8dff02ef19e9a,5307,93199429,7,394418,library/sonarqube|library/openjdk|library/maven|library/nuxeo|library/jenkins|library/clojure|library/gradle
sha256:e82fb1e0f1a0a96319bc45f379a08cff4ae8a13659e12df072c1c9370d2dda30,386,8663617,1,8350581,library/sentry
sha256:09681f714a7bf2a3c7453539930f6b768c3733a18457685857ab6a8be93176d4,1603,32345543,3,406036601,library/xwiki|library/geonetwork|library/tomcat
sha256:23760b1c4292aff6105c4f21cbb78c00531d3f54f1f08166bca392144fec10e6,203,3231268,1,12140742,library/elixir
sha256:9564a34a1e72096cf47df65219c9405f2ec82e43c294764c5e5f4f0c5beb2b51,481,5969464,1,0,library/redmine
sha256:d84a14303e7abfbca0a4b253cf361c076f35537cf2f4ebafb816cdb0d383b7b7,3,125622,1,483,library/convertigo
sha256:7246e83a372de9b8aacf3fe19bf0ffe0337aaae185c6567a38cffd3e7ff75b7f,127,10096293,1,116348179,library/kong
sha256:a6fd4aeb32ad8234ae032a6ddbd2429dd6f1de2cc734319c8bfd7039b311fa9e,3696,95432187,8,33,library/backdrop|library/piwik|library/drupal|library/owncloud|library/joomla|library/nextcloud|library/mediawiki|library/wordpress
sha256:4a67f639f1e6b909fe85ab4916dbcdf236b885a9f2aab9a529334995ebb554bf,232,2286917,1,14887,library/gcc
sha256:1497a680abe3bcd072581d318f1d59f352dd26e95e624754d3e2f5df84a93c05,386,8663617,1,2756639,library/sentry
sha256:7b93f1a522d86e0a1f5e3389c26081f35931413f942e159e1270c16a0c3429df,828,39111056,1,7496431,library/haproxy
sha256:6a96398b6ae54d1a1703e160cc10ea3185b89d000ba0ee5379870b3bf458045a,431,8854293,1,58880131,library/rethinkdb
sha256:242098e7db1f4e311e95d29f3c2c04562da01d4b91fecc690c9045c5b88a9f80,386,8663617,1,519,library/sentry
sha256:abe950f7f291692cb69613cfe9bd7848abe6d4f855faab6f2dce753ab92ac8b4,130,777109,1,34,library/composer
sha256:d35d699762184d4b7725206e136d703d530b60a989caf6c7af4ad56506dbd391,59,6679809,1,45,library/jruby
sha256:d689637feeafb93cbac5fb54c4fef482aba897db233a669530075981d36af699,255,5252603,1,329321,library/couchbase
sha256:e0855a8ceebbdd5f07ce5dc84b08efcdb33af3c28027a91f11476a14f966429c,5,686660,1,1638999,library/haxe
sha256:49958c42336ee347c292e05e80461de742723e33050c385bcc62c13eec8d992c,451,5933813,1,2915591,library/solr
sha256:11f7af24ed9cf47597dd6cf9963bb3e9109c963f0135e869a9e9b4999fdc12a3,1538,35516095,1,87,library/java
sha256:0f45bfe9a8051b05cf0dacd26588941e9485f4a682f81e024e48175f50a06839,41,622995,1,0,library/cirros
sha256:9ed623dca71be068f7892d1902808b61680c819736e05a6c23b9b2eab5cf8852,80,638911,1,351,library/ubuntu-upstart
sha256:e98f73de8f0d2ef292f58b004d67bc6e9ee779dcfaff7ebb3964649d4787b872,1538,35516095,1,55,library/java
sha256:4ba4a4b2d69b010325ff1e86b9dd839dcfc2f7772405d47e79ea86817abfb2d0,4175,137842507,1,4324,library/postgres
sha256:c88e5c3428046b7d91a9bfa696108f4c152acd981d2d8604b01a333bc4d403e3,2518,99491806,1,1220,library/elasticsearch
sha256:5acda2aa2eac56235f005e8161a94a1a8073ea7c4714abd8d12eb1c2ff6a41a7,164,4762540,1,2873456,library/couchdb
sha256:e4a6adbe074ca996af2add2bea515016fef36fdb9ebfc2daf2eceea5dfe48ce9,659,18847505,1,298256796,library/ghost
sha256:ff18e19c2db42055e6f34323700737bde3c819b413997cddace2c1b7180d7efd,99,635681,1,122591409,library/glassfish
sha256:51d96cd8e75d58390cdfe6b6311723460621e6d60c061dbf7705dac1ba78056e,54,527090,1,145646,library/bonita
sha256:00a9f3dd27e0724a92d0f294684f76b72e31647c9f565116c1e651037dfe7c0f,828,39111056,1,379,library/haproxy
sha256:c65c4cb3c7fa55459f81a0a113d1e2867a10251ca868fc3dc63c0491023317fb,389,3379552,1,228998262,library/oraclelinux
sha256:b4cbf8808f94f360772a43e079e45edcbb575895cb0ff3548af679c32e8b601b,3787,138591065,1,0,library/mongo
sha256:30158386b9572f821c8177c4b0ce45899dd21bbf1e0466aa1fc2bbb020d651da,45,1140225,1,10236249,library/chronograf
sha256:41a230aa37269c12703c5faa3deb792f9ad4b64056beb9bcbc1ae43c522a8040,1600,47142757,1,10232613,library/rabbitmq
sha256:ce9b97a033e93470a50e0b6ed7da5549417614438f06eb7151d6240999b83fd7,1968,63995353,1,6846,library/wordpress
sha256:059a5f1233c3f7eeccfe18f19371f02272918d24b2be5de7b6c8aeca5a9cb928,31,515499,1,780680609,library/gazebo
sha256:bf869690ba08c0e2645403e76087810bbf341f54f986bef3f86256e697f14b01,1025,30329714,1,62,library/kibana
sha256:5437523d039638e148818bb3ceabd9e42bfd1e613b5ca3cd3040cfcdaebbf609,1607,54367765,1,114,library/mariadb
sha256:a156217f3fa434b4821b01f0d24be50ead40560053fb5b65982f52507f55bc12,1603,32345543,3,8106669,library/xwiki|library/geonetwork|library/tomcat
sha256:da0ee05a1a1d903a646049aacfee5e1088cb7ad8c2cce3948c269383bf979747,80,638911,1,24713,library/ubuntu-upstart
sha256:f40343f790c47e5ada1a1c27b06dad63ddbd3b27694729eb65ebc7d8d140d40c,22,1263324,1,2843,library/flink
sha256:91f585063d9211243e0de92c707b7e263e8dd2f0a35a29ff94fe4659abea8b61,1600,47142757,1,52,library/rabbitmq
sha256:37cc2681814c8f5b05f0e7edf0ac5e1a14b1dbfefe0edbbbf1df06d4bb234b37,42,2169817,1,41468935,library/tomee
sha256:a57ea72e31769e58f0c36db12d25683eba8fa14aaab0518729f28b3766b01112,378,6380965,2,2753,library/php-zendserver|library/couchbase
sha256:170e558760e8b2e484a022b7d7272cf284fc4e1936ba7a0a671fc586440ad272,199,2452107,2,0,library/ibmjava|library/websphere-liberty
sha256:57db71f8d2206182ccf02198e16ded3c60db7f8bbde60c9af26554c990251615,41,265325,1,0,library/kaazing-gateway
sha256:bd62310e63c53fc23bdb2303d516eed41bb2bc8591b17555f623d30f2a8a720f,99,635681,1,130777277,library/glassfish
sha256:1513b36e00012ca09990f5daa740859ae44bef86f76f4c0bb74e4a253b0f2c76,661,14707860,3,587,library/drupal|library/nextcloud|library/mediawiki
sha256:8784d3f3b35318e81ae2915fe56480a555fc6f9eb6717e7806093638bec0ddb1,1036,78787202,1,7141,library/logstash
sha256:6f2de60646b92af71b80e4be2594b0506b3ccddf357c5567cbb42403ab296c8e,4693,121178509,1,128233,library/node
sha256:01aeaee55a0da54b7143c14c620a0b94c63882f07e8fce4767fb35c27e8d6b80,861,114787956,1,34,library/memcached
sha256:37c1cae4f87837d9d61448aceb335992065dc5c80585391782500c4346903fba,4653,204061450,12,23837632,library/logstash|library/gcc|library/jetty|library/kaazing-gateway|library/lightstreamer|library/groovy|library/elasticsearch|library/jruby|library/tomee|library/flink|library/convertigo|library/solr
sha256:956f37adf70065fa4eb04f7856c434d6765a66cc5466a8969baf02805ef381ae,386,8663617,1,0,library/sentry
sha256:8a5420ed9760c10c36c58891d34cc1ed77992df3d29d503901103fb2fe98ace5,451,5933813,1,11186,library/solr
sha256:edbf48bcbd7e5223e79aaff94e6c1ac3c4fff2d0cecefe8c80f501a01b0f2f50,2234,70601536,4,32486876,library/backdrop|library/piwik|library/joomla|library/wordpress
sha256:320d64bef328567f586157a90fc67f05376716e1daba2368c1ae34aea181006f,2518,99491806,1,741,library/elasticsearch
sha256:58086cbb21fb6c2d654912e85abfc38319148a6a951766500132afbf53b106aa,195,939972,1,32,library/celery
sha256:1500a9d7c945e722623a86b2e6ee74ceb201674bc46a6744966ceae365ea5b8b,123,1128362,1,779563675,library/php-zendserver
sha256:d13d02fa248db2b423d6dbc8ec435675d23122f3939b5278b2156b75258e2259,8854,592219678,6,79145385,library/mono|library/plone|library/fsharp|library/mongo|library/redis|library/sentry
sha256:c84a4b9c23b7339af014861329ffcc6f3925737723d4d26f0119ff473ea49ed9,481,5969464,1,19968,library/redmine
sha256:ca4d78fb08d622a543fe48a8d8bc932fae257861c35c5ad07f21c48102bd1ce1,5307,93199429,7,2206686,library/sonarqube|library/openjdk|library/maven|library/nuxeo|library/jenkins|library/clojure|library/gradle
sha256:400207a933a4cf1cad7588e173c27995c919a55b5f4b804bdb8c08b39c326b56,221,5982794,1,4916842,library/nextcloud
sha256:480d57c7bf4db097694bef53ce2ca20031bfebca0c23905dfdbf73cf20e65f4d,41,622995,1,7733076,library/cirros
sha256:6fe41f107f58165c07f15e1f7651d2175a515a463636381950b753115ac7921a,10,259189,1,0,library/geonetwork
sha256:81b1b9f81310cfabfb21b6f53d98945abbf9deb2da990c6627bdc2b20e342016,18,555296,1,813224,library/hylang
sha256:225b82de1e67b15d2c2f7466adc913671fbf250b71eb2c1ba42fe4eb38b355f2,4175,137842507,1,16860333,library/postgres
sha256:f8edbc4fcfca2d4e76cef11151e796df5d6046240a744d9d45ea78d19598fc6c,43,871571,1,587,library/adminer
sha256:31d9d91516b8b9604769d1dd4a951948cd1fe368ee7cc8b73bc129b37ee9b3d6,190,671160,1,104249025,library/r-base
sha256:9e4935ebfb9bbb395378d3f89fcd6b8aa5f21d6f6e09fd88319fb02c3ab7aba3,261,4602770,1,58624916,library/zookeeper
sha256:8a03e4d315da79babfbc421a031b1ce302116d778bb0be599309e5d286c0a27e,87,936606,1,96490810,library/irssi
sha256:3b4beaef77a21773fb0bc7316e7d030112d884ff0214cd39addec0791d754048,3787,138591065,1,34,library/mongo
sha256:871436ab7225503e9e951a7acb7b1689a91a60d033bf8cbabcd40fe5ca4cfc87,710,2658278,1,322552135,library/rails
sha256:a2c103c31b601ab793ee50fe7b500cf153060996ef8cb07d46927990919eb371,398,9095517,2,6947550,library/plone|library/sentry
sha256:a4ca6e73242a7c306a8175afdd4a7d648b35a5dd19523401e6ebb8f903fa0edc,7913,211218064,15,7801158,library/perl|library/buildpack-deps|library/golang|library/sonarqube|library/openjdk|library/kapacitor|library/maven|library/telegraf|library/influxdb|library/rust|library/nuxeo|library/jenkins|library/haxe|library/clojure|library/gradle
sha256:8e4ea7a3ab6d6bfbdf47e2f77efac8ece288f6dbd112ff65558833520aa56a16,123,1128362,1,25830,library/php-zendserver
sha256:f0485050cd8ab6f89a00061d82c708bddb70b0ebc0444ce837c85afc58da1bd6,3787,138591065,1,67,library/mongo
sha256:9569e35bd658debf026bc5057124383a1503bd49816088d5a4b682f81c5f0f51,202,15947924,1,76553956,library/vault
sha256:73729083bf6c97a21d7c753cc31a23e9cb3142f61200ba7c33a32333973e1be7,710,2658278,1,0,library/rails
sha256:e348bc0ba6d11fa6cddbb52c999fc5de5c47a589b072a8684873d2a6d616e70c,122,4932856,1,34650067,library/iojs
sha256:00233accc94429787f47c0b72cf29d3f84f99e1aa1cc3c5a8d1a5ee1aa137247,1173,67095350,1,45,library/ruby
sha256:2eb94eaa76cac471f7df904fd2cb6e865607821e1d7d172170617abb0f4e5c86,31,515499,1,511301286,library/gazebo
sha256:63e21cb193aec1edb5304813fc4d205d0bd7228e2aaaf245b61df1d84ab9a489,431,8854293,1,0,library/rethinkdb
sha256:9ab4f4a043b0f5d382413f95c08cab3fe764269903600fb8e6f7b1d4c822ec2f,45,1140225,1,37075948,library/chronograf
sha256:40280b975f14b6619ad4cdcc80cda45fa03fa487b8f15ee0a8c3bba37bd63e6b,207,11022693,1,164835191,library/amazonlinux
sha256:91c7cdd03f84b9c2689b67595d3f9820dbcb5e204e5d19cdecd8c0309f86c2d0,1318,336583172,1,161,library/httpd
sha256:2d792d9bd888dff6ff04a1ff59f72a5928c6f98cba6c36cd772c58191da2a4ad,544,92385682,1,0,library/consul
sha256:9600453e4900a569c8f76aa9dd00c211b958ab5089f7b745fdca8ba1d6f16e51,192,1392497,1,13550555,library/clojure
sha256:833affcfc6e6f80ef0ddd5d44990e40681536f27165fcf2ddc161c96bcb972a7,249,3941799,1,3743545,library/rocket.chat
sha256:8b4746ae4a72122b7365858142962614f2afc9c8806d68b5106956125718a400,41,265325,1,20161300,library/kaazing-gateway
sha256:3b0b76af7879ed55fa96ba6718084ecb605fb406d75573ed257fe00ca6c516db,102,2417964,1,142581161,library/arangodb
sha256:fb42ac0b9f7c5e229ef66f30f36ccec9a2b79685e8a043456096a95c25ff5eee,2,107222,1,23094,library/known
sha256:a0a5524a7cb4f0fef324c6ce55aaf364bfec41f77e82efdf57d14c7b386ea889,154,3886186,1,30,library/joomla
sha256:7d7e4aff398514946aaa43976515a3ec70e15c92e96d5ae96d177c8950af5457,22,2330309,1,41150750,library/groovy
sha256:3443e252e49f3599a7e53addc7a991556cf89d7d755940f92e830dfd0fcf65a5,106,13588339,1,27007556,library/telegraf
sha256:30623dd230a8a37dd547c72f0ae70ef5cfcfce7d9c21f0e4b9372296227786db,1318,336583172,1,44157357,library/httpd
sha256:21b9cdda7eb9fa2604e34311ddfbf9bb9e3b8a67d6c1668a9dc802f27855dcdd,4404,440448781,1,3098462,library/redis
sha256:86afdbb9d92b4113007568d773a914cac2fd4dd16653bcdd9fce4a894b7c3387,123,1128362,1,2281,library/php-zendserver
sha256:3576053470006b2d77345844a3fef8f6c85e3fb4a7cedb39a7bfb10f536eda30,3,125622,1,0,library/convertigo
sha256:7c81a6273692ef3bf7ebf0fda96a793b55259a9397db65683a3fd16179f7bfc3,4693,121178509,1,56201282,library/node
sha256:379e67c1490a2c37d397b81739efc01f1f045b9c97163959aa8024adee5d53e0,669,15680003,1,91119,library/cassandra
sha256:b32b669909b1bc189c27747b54700fb83eac6566f1b88a38d41a3879e7ee7e2e,154,3886186,1,7885244,library/joomla
sha256:6599cadaf950a71af51aa84b85e6cdb1990287b79f8e71a78f6986b318d4c4a0,70,206174,1,187769665,library/hipache
sha256:1265461653d7dedcfe27e4c9240b20b4106bc621d8ae43f787a8e81e3406fdca,87,2915632,1,2165,library/crate
sha256:d9f91399495765bcb5e34e7d6ee36f1a1bbf42d7915c3cb49f048d2bb49ba776,34,884506,1,57430,library/xwiki
sha256:729fc9d0f4ed0241777d9c2718d1f7f1ab22c0a53afa3232bdaafa65aa2cc826,104,1856124,1,45652168,library/piwik
sha256:d4a7022e26fd05812adebfda921ff341507031b603a5b2d326954159d313a631,481,5969464,1,0,library/redmine
sha256:44ae682c18a31909b5b2e1c0e95d4a05cdf032e983a0e8dc36cc329fc32b53cd,122,4932856,1,322890800,library/iojs
sha256:5ae613fb69513e92540575b7754728c4f7a172877b954bc0ce5d483c7338c4c0,43,871571,1,6366,library/adminer
sha256:ab0aba3e779cbbdea672c4f4856ace2ad7fff2ed217a3930d40e8f0528a159c7,54,527090,1,3440,library/bonita
sha256:85125c500b8a7331c166669d07188ca91d73e5aa5c3eae1d1f8075828f03aad4,298,7913099,1,5403,library/percona
sha256:684fd378d7b52b213e1861abb32cd182c4a64150401638bcc16ae73ee6e5c9a9,3204,39487083,1,0,library/jenkins
sha256:8e544ef06bcbc1da2eddbcf0812726c74a4701fbb7c01101f8605a85d66ea0da,593,42766439,1,933,library/docker
sha256:700276d15230ad458a9a70baa8c41e849ceaba43ba4cf3e6bbbd1dc20b185e9b,27,705026,1,2002,library/nuxeo
sha256:759118faf87e4bc34ecc1aacca5bae064562891dd335821515ab05290ff9a518,659,6739733,1,199325715,library/sonarqube
sha256:6ca6065c784ce39a8e8b9b9e72d97c7ba7e0b2737ab7448a7900e14b77c60a7f,11,317407,1,22258838,library/spiped
sha256:013fb9eaa2f91c403b355b62c25bc61754492db9b7d1e1eb7913dce5451a2c5c,164,1901791,1,1373,library/websphere-liberty
sha256:a9a45c446e5a71e71626c5ecfec072fd39284511e6a70071ead0af395b075dd8,210,4439583,1,0,library/jetty
sha256:92b40f79555079d469d979fd4d68819b84f683575fdcee797fda1ee4f0fb7a2d,659,6739733,1,328835,library/sonarqube
sha256:395460e233f5bdcd910d618a3b615e0d881e09ad27d58f3065eef53ecae6a808,199,2452107,2,2759,library/ibmjava|library/websphere-liberty
sha256:6e0413fc9bc7476d36558854ef8abfec17b223d72ab453ac315e64ffd49a80fe,593,42766439,1,17,library/docker
sha256:783a14252520746e3f7fee937b5f14ac1a84ef248ea0b1343d8b58b96df3fa9f,378,6380965,2,7,library/php-zendserver|library/couchbase
sha256:39e552a2b1f74a9985244528219d26fc1c27f1447a3d04e64b63bd70a4e68e2c,72,294982,1,85147189,library/thrift
sha256:310f1085bd650107a317a3eeb587139e1270a7bf7e4f5045a9e1d16f3765ea5d,123,1128362,1,2066913,library/php-zendserver
sha256:3d7da8791d1177f333ca323342681219e16b2e3ceff3cc3811b84f20f2d89062,4653,204061450,12,7801158,library/logstash|library/gcc|library/jetty|library/kaazing-gateway|library/lightstreamer|library/groovy|library/elasticsearch|library/jruby|library/tomee|library/flink|library/convertigo|library/solr
sha256:db005c5d2630e244434f73c2f092aa2bf45e44818cf045d487bb3ec6c50ccd9c,130,777109,1,587,library/composer
sha256:d0cc29f953de9dbd81ba60f38d391e14c549fca71fac26979c8a1004eae6ef6e,87,2915632,1,1821957,library/crate
sha256:392631a76ca497df97a09d5170703dc2ac4cc09217c4fad47d3a43b09922512b,11,317407,1,0,library/spiped
sha256:ecb48b149e82552b1dad5897271f5f189f4b51113ab5a171476290e5c5cb3e16,659,18847505,1,1286720,library/ghost
sha256:7d27bd3d7fecb89d4028f4afa3ee866d2262c5105fc37f57aa82af918dc2f84c,122,4932856,1,122928427,library/iojs
sha256:7d9c0c4547f7fe35c4238715966f30f786dcf6312db7c11eb49f6d7b0264bf59,22,403515,1,68287919,library/rakudo-star
sha256:1688f89b831f120659776a8563e902cd48cecfe4c183331c0a2459d39faaa849,164,1901791,1,1196649,library/websphere-liberty
sha256:693b6f6e87c198a50f361a3e1aa1e252d12a3ee4cf265bd5a7e0d4ed3e9d2171,18,98838,1,172,library/mediawiki
sha256:69838fd876d66a86b81229c3939492767b37e334b37d8101d601c6e14c7d4be1,2234,70601536,4,1346,library/backdrop|library/piwik|library/joomla|library/wordpress
sha256:ab247c7432b9b97fbaf1e36b32bc394cc381d2cdbe01a31c0ad5493ebf4b18ab,1607,54367765,1,21127,library/mariadb
sha256:d8f13b953d588aa2dbd4af3588357ecb0441f0316608d8abe8ad1be0469fc57c,55,2033563,1,17804780,library/kapacitor
sha256:58ead015f17efd777ad95eae79a9a57340bf8d562ab32b97487a4d70280b57a9,164,1901791,1,38327916,library/websphere-liberty
sha256:cfc93af8a58b88880c003c39592b30a7fa1a58d700c3bc66b350a85d55edbb09,123,1128362,1,80749,library/php-zendserver
sha256:ecbd5409c92b9d05ea9f8de330f182e895524339f327a8042d27c98e9f286c48,255,5252603,1,333272680,library/couchbase
sha256:b700e8d9a90ef5779cf3a3456c9a2f49c904982e11e4024d6edbb7efc4a92a3c,1603,32345543,3,1933084,library/xwiki|library/geonetwork|library/tomcat
sha256:efc14e2590727f9caf91da330dc6446a85a93b46a20cd3e6f0c94cedf41d15a3,54,527090,1,330567,library/bonita
sha256:39dff8331794047c83043d4863e750c9eeb6a1827aaa4424011533c3beee63f4,22,295625,1,498234043,library/rust
sha256:e5fd41d2c663d7f8b7a342066cc21b00003b5fcf10be8151ed203cf8f1267a4c,3,125622,1,333615,library/convertigo
sha256:b460f33471250137fcb00eb78f2a00eb0572453ceb07149078bb8d84cc8bafe6,34,884506,1,5164,library/xwiki
sha256:f1bbfd495cc1112b503350686641ee4fa2cea8ccd13fb8a8a302c81dae61d418,7186,312434674,6,2759,library/aerospike|library/bonita|library/gazebo|library/swift|library/ros|library/ubuntu
sha256:82fc4577de57bb2401c7e13159631c574e1faf5347a57337df0c62432cbce62d,249,3941799,1,131226,library/rocket.chat
sha256:eee8b0ba7d92ff13bb8b2d2d54fa28ef1d23b61c9e4404274074d53349fc2ef4,3,125622,1,2717536,library/convertigo
sha256:d2cbdbd69a3b894126ac75e7eba76ee92124957455f92b747bf22a55c086cfe9,1173,67095350,1,71860684,library/ruby
sha256:fdfb54153de72cf4a3cc0efc63ce86aadbf20ce22441eca2cc9aa395b91e3cf1,7913,211218064,15,23837632,library/perl|library/buildpack-deps|library/golang|library/sonarqube|library/openjdk|library/kapacitor|library/maven|library/telegraf|library/influxdb|library/rust|library/nuxeo|library/jenkins|library/haxe|library/clojure|library/gradle
sha256:376c69ae031244da83e3641976e2a4cd1644b3bf68097f86383f6a642646e432,2,93555,1,1856,library/hola-mundo
sha256:bb9cdec9c7f337940f7d872274353b66e118412cbfd433c711361bcf7922aea4,1538,35516095,1,418514,library/java
sha256:ae6cdca86c2e5120c18ac664cc66cf1f8f4f65a3980e3818ab2c0831b06c0f04,344,23265886,1,59502107,library/influxdb
sha256:10247ed22fa37c1ee86538451236709352644a58ed7ffebe794b3f6c831b07e9,1607,54367765,1,5598,library/mariadb
sha256:b81594f168ea0d6f5c8b1b2b97755be8d62f539d96604f394ef605121e4b6878,3204,39487083,1,0,library/jenkins
sha256:5aa6c26e64dcc6f56214ba8bb3bd05329a25783727696559e4f9837cbd646cb7,41,622995,1,2289,library/cirros
sha256:b8ffa95fba9f614a2215362f2d06849a7abafcc4c03f04b5ea0108de43d556a4,17,287923,1,2624,library/lightstreamer
sha256:790f56b4530b7fd845be4e437b951a3a0620456e5cb69d75c4495ff65faf1827,43,871571,1,2665350,library/adminer
sha256:f9657ec4b6b091d0790aa44a9284ad93310634c484eebe01d864e809c3584e5f,11,317407,1,176,library/spiped
sha256:3b7f3ab8e7c5071327c4d287e9132f7e2488039ffe4d18606ed7f22a1bb7cf2f,386,8663617,1,153018034,library/sentry
sha256:716975cab0bae2269170a233a5f350ad9828a8cf4fefa2de1d1b154855a8a110,40,1651108,1,12954810,library/neurodebian
sha256:b56ae66c29370df48e7377c8f9baa744a3958058a766793f821dadcb144a4647,4959,716459785,10,3965917,library/zookeeper|library/docker|library/eclipse-mosquitto|library/alpine|library/bash|library/vault|library/storm|library/orientdb|library/consul|library/neo4j
sha256:f70c53a1be243d79ef9a5ea8bdf1c6acabf360d846a420ffc1ed10d9391d3866,1905,62280864,2,14263762,library/percona|library/mariadb
sha256:cba7e365d66cbe5f4759371d0cdaa91d92d2bbfdc2909621c96def6cbce6f111,3,332589,1,330,library/rapidoid
sha256:814f65c197fce242f41319adb56b5f6c29bb23ca44a894289873520059bf2f84,1036,78787202,1,1286885,library/logstash
sha256:e1233f777b5b8e4deb49038055315e320f02e9eb63e2a3ecc4c3c589a61e9009,4421,201774533,11,33,library/logstash|library/jetty|library/kaazing-gateway|library/lightstreamer|library/groovy|library/elasticsearch|library/jruby|library/tomee|library/flink|library/convertigo|library/solr
sha256:2d6f458f74118538515e629985fa1cae19a134a326d3def89390ff4bd143e7fc,195,939972,1,70,library/celery
sha256:adf527e0bfddab02a9d0072a1c66e3a4330a1b3d25131f5cb962bf014ce119bb,10,259189,1,17809897,library/geonetwork
sha256:e4d43608dd22de7d12f17ae419ce146094e047e1a739d644e3fcb647f9379bdb,1733,161819914,1,5676735,library/registry
sha256:c42dc8ba828a007a7ce8531ea850654af2b0ca7bd96645cc4a0318ae27ca207f,18,98838,1,937817,library/mediawiki
sha256:6af1d66a9b9274dffe11f158216812564dfe0a9ef6986acc4986dd5397c97844,2,107222,1,0,library/known
sha256:6f01dc62e444044e3ce494269837ef0aedb80fef69c679416137f17812d2eb9c,199,2452107,2,7,library/ibmjava|library/websphere-liberty
sha256:febf16e039cbafa508653d90dfffcda86c1cbc24e86fd77ea1f468bc32330842,255,5252603,1,166720,library/couchbase
sha256:5951d54ec94fbfcf295fceebf52db6f36c6a40a26269cef0db7df9d908b1a121,1593,32086354,2,17748376,library/xwiki|library/tomcat
sha256:f1ddd5e846a849fff877e4d61dc1002ca5d51de8521cced522e9503312b4c4e7,378,6380965,2,194577,library/php-zendserver|library/couchbase
sha256:e568938c268c99f8f1f6bb7760362ffcb1f3ea0e6d770e706d6a6998f9a0e431,164,4762540,1,2075,library/couchdb
sha256:bc8e2652ce92f00db69e54c684bb094a6e08037bb82e9d0c70ec2dd6553e4231,3787,138591065,1,330382,library/mongo
sha256:b78b9936a97b60bd9cc60ac0141f2ead501bb606e561cda52e48961002b47349,69,1799884,1,1324846,library/orientdb
sha256:92fc16bb18e4e7f7c6975e0cbef8949d968f35f0672b4ebd5006afb10c20ca10,6528,147264959,10,0,library/backdrop|library/piwik|library/php|library/drupal|library/owncloud|library/known|library/joomla|library/nextcloud|library/mediawiki|library/wordpress
sha256:3186ebffd72de2809e81b053b02506a2ae80a1f6b9435e190f0971d1b82f1dfc,1968,63995353,1,6753426,library/wordpress
sha256:d47a53aaaacccb7d814eee5eab3c5a089eb50ecc73b28e464376b406077259e0,1968,63995353,1,23923121,library/wordpress
sha256:4a36819a59dc98e75c3954e464f742a0da368c7496b59d71aa084d563cf97195,2398,54832301,3,8669714,library/pypy|library/python|library/hylang
sha256:ef0380f84d05d3cdc5a5f660232d35ccb020ccf1d635b585580dea44691a13a7,195,939972,1,123419431,library/celery
sha256:21d8309ec3509b18b351f72dd0f4fa3fdc6a1c88d47169780c70976f15f54d8d,3,332589,1,33,library/rapidoid
sha256:569c9d093c48da5bfa9c27d3761b44bb6c3bbf54bcbded4dc13f8515560ac7d8,3204,39487083,1,328,library/jenkins
sha256:546147840f59c2cd75dfeff28e65b1785c438e62f35da0cfa874650f6a17eef5,5,686660,1,11839086,library/haxe
sha256:d5bf1c0da382a084f30362d97c6bf26333a674bc0e1e22e702c563192946d283,102,2417964,1,5457,library/arangodb
sha256:430deb05013a0a6a8fe6ce0ab64586e8861fe8c8976aeccf4d4d1a0352692d5c,659,18847505,1,646,library/ghost
sha256:a556806d8dd85d45c0151f23cad993f6233bdda49cb2d1df92791e1d66778401,164,1901791,1,549,library/websphere-liberty
sha256:776090ac3d78f3d8c01e4847085cd7ce1ccd93ffc5dccca40e3bd72e59620c79,593,42766439,1,633345,library/docker
sha256:ac1d1c4633f7c72df00794549888bf831db58d7902fba64945249e7a237ee250,240,3837633,1,91098130,library/mono
sha256:a2793ed6614abbee7fe3ae7aa2ebde8e4c7557806275e78bfe641e80402921b7,59,6679809,1,33114699,library/jruby
sha256:6b9cb6ec10814ec0650453777100e68d592beec7982c6b2936c6506a4ab0ad49,1025,30329714,1,365,library/kibana
sha256:6bbaf487fd3d6e58263f32963b92cdab75fda71497cfd89203da2a071391567e,240,3837633,1,1799,library/mono
sha256:62f7b6d01f2578093a98bf9068e722c0261caef716e8bb53fa50ef338a12bb14,132,1366837,1,635828866,library/ros
sha256:9d5978195527086510e5d460d726b6ce19cdb28bf7c9ff5e94d0af0d4b944840,494,15010066,1,327,library/maven
sha256:89276dd224b68ffba217fdf491480cbb594853a7247e8e3b54d84055ee2799e5,14,535546,1,84,library/znc
sha256:7a500a6e748c4a3c39506e68a95cd211049d873bc147b8188290e561bf3f2a02,402,2139038,1,316081,library/odoo
sha256:2e4fa663902f5dd2357e04a239a6c6cce86227d69fc55fbbc3c51dc70b164b83,132,1366837,1,11928683,library/ros
sha256:3515cf5bd8fd4f234e9b8a677a5be0e878650c4b3b14f61da158c2834587528c,801,10122791,1,45519197,library/owncloud
sha256:4fbb803665d088eae212e9dcb44046766737a360e6bdcd560fa6c608516709d0,7094,226818448,3,0,library/percona|library/mysql|library/mariadb
sha256:52de432f084bc072024d55b0f483358b607d0cf46d7053e3b6aefc98beaf27bf,70,206174,1,1895,library/hipache
sha256:94ca2e957a63ab0c57c0ab03d6f574a6961893117b8d2d23ce6aa209d410e166,403,7979712,1,7610,library/neo4j
sha256:da2005425164990051d258ce44d8105ab17b209866f4dc39b58552673df54255,801,10122791,1,1346,library/owncloud
sha256:dbbaf3eb5cd30e11580aab1a34ea4e351afac2e27fcba2fe9372b15da6bf15cb,2518,99491806,1,39340644,library/elasticsearch
sha256:130f61e75aebf7fd93ee74216e4e1af2ab527dbf582f8493b88b58436d15f84f,2,107222,1,172,library/known
sha256:b8594c78e8e4260e534f1ba73b98b4e1167f3b061f802eed72be0647b67d0c48,59,6679809,1,21931608,library/jruby
sha256:387ec854f55a56b1d1e4da41035b03004f215f35ab7aae838a37afe6d088b265,59,1583472,1,411601,library/eclipse-mosquitto
sha256:d53a4d380687342fc7367a0c7913813140f03219aceff4561598185f999b72c7,34,884506,1,417251582,library/xwiki
sha256:eb97bc18b90bc1a744717a673c3981f497963103a1a2c6da4749f8feb1a319eb,2,107222,1,4307583,library/known
sha256:ac36cdc414b3061c5bc1063f3a235accfa99b83e2ed932c052398178e81a6a51,3787,138591065,1,271254869,library/mongo
sha256:438d224bda12fc8d55a4cba52642c07feb5b15df5beaba3df9e5cbc5585fdcd9,41,265325,1,2930,library/kaazing-gateway
sha256:6fbfa697ffc0287df331b0d2183ad8d275d65cbbf343f1da761fe17b6a57ca05,70,206174,1,159332243,library/hipache
sha256:51162f27930c32939e884085ec11eba8b52337b33df8a220d36fcc105f4446ac,8,863873,1,30,library/backdrop
sha256:edd38215a2fae624e391280d5d9edb6cdb993a0ee5f3acb2188819336f993e80,99,635681,1,1284857,library/glassfish
sha256:0c346f7223e24b517358f52c4a3f5f9af1c86e5ddeaee5659c8889846e46d1e2,7186,312434674,6,7,library/aerospike|library/bonita|library/gazebo|library/swift|library/ros|library/ubuntu
sha256:8475806c51448d042ff328d1f1807e5649d0bfb418b69e641e63147ddf456007,4693,121178509,1,4162962,library/node
sha256:3a75ef39cb0eb41545951ff7258e2acc914498f6389cb54ae86fbf155c698040,801,10122791,1,172,library/owncloud
sha256:e946e0390f679399386c2337336dae256a79dab3a9ab887203694e2d4d8750d6,2830,51725550,1,6366,library/php
sha256:bde9645eabc7b0670d526812530f05c4185a05ad8e78f0fd9d386eb3fa30dac6,190,671160,1,1688944,library/r-base
sha256:460f7939cab2c861fb041515a7e609ab935043fb21920bae71e14d7a9c62ac6e,1173,67095350,1,0,library/ruby
sha256:843bcc5b1cf03a07e6f520a69fa7663b44c99f0933da944a5d806f9b366f48a3,4421,201774533,11,403535674,library/logstash|library/jetty|library/kaazing-gateway|library/lightstreamer|library/groovy|library/elasticsearch|library/jruby|library/tomee|library/flink|library/convertigo|library/solr
sha256:65f212f7c77805418cb85461d93a522c1bf4eebac73009ccd23ac2159ac33dad,1733,161819914,1,155,library/registry
sha256:37799458b47400265199cfaabe431916c7b89b47774e8d73b662469fd5056b2a,55,2033563,1,94552053,library/kapacitor
sha256:5b66f3cbc9f3afd7ed1266d653527b49adf2c18bb72fa4506959c826df96dccc,398,9095517,2,6500126,library/plone|library/sentry
sha256:76610ec20bf5892e24cebd4153c7668284aa1d1151b7c3b0c7d50c579aa5ce75,1538,35516095,1,122598256,library/java
sha256:e189e187b2b50cee94b84c7ba30e897f70a6bc9edd5f6f4b13c1e2c86834cf93,5189,164537584,1,55,library/mysql
sha256:3a41740f900cbba03b223c025f03632db1284d85a696677bca8d6375cdf6040b,1733,161819914,1,22788857,library/registry
sha256:6c354a5104c6c8d5cf7dd420388507112a9e0dc670eef434061919e455ed6be1,70,206174,1,456,library/hipache
sha256:4bd501fad6defc3af5638b82f7d760f0dc2f2c5f1bcd2cbfd59607b1631bc679,80,638911,1,1895,library/ubuntu-upstart
sha256:22ad831b974352297cb8571ff3c1f0a266bcc6d919729e24d1281edc033c3a92,481,5969464,1,45,library/redmine
sha256:d147be854566cd02f193968da8fcde656b23a7716649750d7be775c2b8547905,669,15680003,1,257180191,library/cassandra
sha256:39c2039fa382c6916cb65a63b7d5554915621d15d0c0d98fd097cea406ebeecf,298,7913099,1,251082666,library/percona
sha256:8888adcbd08b22208eec8b1719ae91391c156962567f4e443db015e0bb4da654,4693,121178509,1,335145,library/node
sha256:f72f22bf8347b6968aa392266ccf0b0e728f513cb2bb10283514a66e4064fbd3,221,5982794,1,1915,library/nextcloud
sha256:4ced4907d09618458bb07e5f9104e0ebb8c9635a2ac94fb0ad930428364ebcd9,210,4439583,1,328777,library/jetty
sha256:5ad56d5fc14905886c560200ab69f905b5c5287eaf12f8f761a7ab54f7a61c1b,199,2452107,2,745,library/ibmjava|library/websphere-liberty
sha256:05a447569736dabac1a7ab53b48dc5b542604181c6284494805bd12c82f45df3,10,350808,1,4609,library/eggdrop
sha256:2e1516bed21667575337c60eafd9fb1fcf006ad295c9ba6f11e69fe763510392,43,871571,1,294837,library/adminer
sha256:c0495b3c5dff5819f8be3e975943757312ad62cc5ad5f4cb181b90759bd79af4,34,884506,1,999520,library/xwiki
sha256:213465022c8b183f0f09a5113ce0c43cc4c71534e33d31ad838ba42c38675bb2,669,15680003,1,330396,library/cassandra
sha256:d94125e3b643e3abbaef5afa8e06fad350e506c8b109dbecf5eba3aef88745ca,31,515499,1,93,library/gazebo
sha256:ed1ad88683a09de4b6072979bb4b17b2fd03aeeef21ee2989912f152943cd52c,3,332589,1,23455596,library/rapidoid
sha256:34e639377189616ded613227124ce93129ea3db4b5ad5ae612dca65165df057a,659,18847505,1,70814882,library/ghost
sha256:3b1faa1a99a6c9f063aaec96dc357a7fd73386bdc0ed80d3217c993300d19ded,828,39111056,1,5384218,library/haproxy
sha256:6c7dda5571e4238483471a9191f0b7949164b58d175c07d6570efeea045279ae,80,638911,1,655,library/ubuntu-upstart
sha256:a6121ab69d3be82758b1330a2b0bd816948bc55895cdda838fc161a52697b5f1,1036,78787202,1,22,library/logstash
sha256:acc7866957e8d373ac4de1e43736da5bb4d023c712c8d176f20a40fd9d16cada,40,1651108,1,3161,library/neurodebian
sha256:3476a17f5aaf3652e25feb1fdc657775957eb719be96d48bd08332e515154ca5,3204,39487083,1,5000,library/jenkins
sha256:b3e80d2f12fa7cc326b555b0ceb16972a91b2fe585461ee1000f05a867f8c559,2,107222,1,3459,library/known
sha256:93bd198d0a5f34c083f529767ffc7052e2754810db4a258db1c560ac4c523730,7408,172330276,12,141678822,library/perl|library/buildpack-deps|library/golang|library/sonarqube|library/openjdk|library/maven|library/rust|library/nuxeo|library/jenkins|library/haxe|library/clojure|library/gradle
sha256:f191a9677530e115227103ca70fdaa981d511fb1dfc96e5882fb69adec78dad4,12,431900,1,6791,library/plone
sha256:ad6feb8c6a6b3214858371c820e57b12209007e3b699eca959ddbdf972800394,195,939972,1,4870360,library/celery
sha256:7cf3a56a5e64e2af8f71f23309139b2bab3477065cbed954fbdf07451d87be25,402,2139038,1,816,library/odoo
sha256:fc6c65778d937d84b5c27846020af2577f7467e0f84febed15a69be664cf88c4,14,535546,1,261600000,library/znc
sha256:9a0669468bf7132a9a1694aa1df98100932ad1f738c495b424af083682e7bbe4,401,81732529,1,1840,library/hello-world
sha256:2970eaf0aec7f86ebc75e6ecca18aede907fc86310085807855fa2099df5d2c3,249,3941799,1,330973,library/rocket.chat
sha256:f9fa6ff2c36498cd32cef1bede076878cfe097d18b513c386b57a2366e9610a1,115,4060528,1,100881187,library/pypy
sha256:8d146c07b60e4f602d2250ccec1a050fdef7e02599ada69c37966e981d6a972c,43,871571,1,12001744,library/adminer
sha256:56924c0e32735fb61d3ae8a245f0a1f564183a2024ef323daf8ca512b764d397,130,777109,1,1087,library/composer
sha256:4306be1e8943b446026b96c2ef7b3ab8471c760774fd1cd11334df7084fed57b,710,2658278,1,122603016,library/rails
sha256:6a5a5368e0c2d3e5909184fa28ddfd56072e7ff3ee9a945876f7eee5896ef5bb,99,635681,1,123013013,library/glassfish
sha256:225bda14ea90f44cf112b8d7d1a3ebbb50c0a1d2636a858cdddc0b77f18e8bd6,1968,63995353,1,60,library/wordpress
sha256:d43b32d5ce043b6cbbbbae384ae8e2a34f3ee1264676e3e1f23201bcf1e6a99a,5189,164537584,1,6032,library/mysql
sha256:81cebc5bcaf8176775fb87f51b16c709f4c03f3848a658c9a400facb452c7cdc,780,14802296,4,87,library/zookeeper|library/storm|library/orientdb|library/neo4j
sha256:8e5f7c337501eeff98e19cc2d10f4c50fd8bfcce7fe2640fa219b410b1cc2676,173,1648680,2,2620428,library/adminer|library/composer
sha256:9f0d6027a2e75db29722d5173b8bb01f3267024463f19a2d1b4412562ea12fcb,1603,32345543,3,0,library/xwiki|library/geonetwork|library/tomcat
sha256:c76b0eeb6b4da36f6af1f62ec8b07597883176035553ff18633821edfd3750ad,99,635681,1,418216,library/glassfish
sha256:ad235c26036088afd1c003e632bd42322640d9e796dc0151ae43b28e90d11997,2234,70601536,4,587,library/backdrop|library/piwik|library/joomla|library/wordpress
sha256:32a46e15c564acb884f00c5973578d261e1ab3899cc1685ecc123f6a18921d8d,481,5969464,1,30749557,library/redmine
sha256:85b1f47fba49da65256f07c8790542a3880e9216f9c491965040f35ce2c6ca7a,28660,1092392136,34,123410006,library/pypy|library/python|library/percona|library/irssi|library/backdrop|library/ghost|library/haskell|library/erlang|library/rethinkdb|library/mysql|library/mariadb|library/hylang|library/mongo-express|library/piwik|library/cassandra|library/redmine|library/ruby|library/kibana|library/php|library/drupal|library/haproxy|library/couchdb|library/rocket.chat|library/rakudo-star|library/julia|library/elixir|library/owncloud|library/known|library/joomla|library/node|library/nextcloud|library/httpd|library/mediawiki|library/wordpress
sha256:e8512ca758302270e4f0a519f8afd1e4aaab0bbdb9f4bb369d93e3a547e53bf4,99,635681,1,349319816,library/glassfish
sha256:41ba73a9054d231e1f555c40a74762276900cc6487f5c6cf13b89c7606635c67,7186,312434674,6,0,library/aerospike|library/bonita|library/gazebo|library/swift|library/ros|library/ubuntu
sha256:d9f2371e7561c5f8c4656ee076a422ea46a0836c36df71561e786c178fe956c0,1025,30329714,1,18728,library/kibana
sha256:edb9dc1cfcb8dafd437c65277f42e0af7f8502719bb16da96fe1e13996bd8b97,4175,137842507,1,12953245,library/postgres
sha256:6fee485e695b2a67672f8c3896fb23f2c4cf1cbd550bcef3643e7e39ee97bfc8,3,125622,1,8144246,library/convertigo
sha256:bc8b75d7eb89b1b70568ef43591e3646843b888fe35fac19ac82af36e1d7f8b4,431,8854293,1,3866,library/rethinkdb
sha256:a7bccb4a3faa93249c185c612749e352473c8004c55c69cf7aff6833f6c66739,195,939972,1,5646678,library/celery
sha256:b1f00a6a160cd3696edba6f13ebd1d6a5808216a78ec4b753444ab8f30483b1f,101,3451178,2,3991428,library/znc|library/crate
sha256:827c16c13dc2892a813c082f79dd8ef8689ee9bb90a38d9deebc2dbf2727d1fd,43,871571,1,717567,library/adminer
sha256:66a1164b72057042ba5a558a32225fd4219024e8b98b80e1dae8da5c327e4d7a,12,431900,1,482015273,library/plone
sha256:e1fbf5f3bc23d89f238ec624c3c0acb96f413e135ec2296a036d2501b3949c08,249,3941799,1,335107,library/rocket.chat
sha256:a5e36cf4ed2149fcf791fde12f075f625543fd8a683cd9e382397c75e0beaa28,451,5933813,1,170817058,library/solr
sha256:8b65ec2a8ef3e8a5986ab54d8bbe0c0a9dc8863ca3ba2e34294c6e83b9513567,232,2286917,1,556272752,library/gcc
sha256:aad293872ccaa9d8cce3592a79202f92fa541fa5ae8f5474855a0287ac1c7ff7,123,1128362,1,30,library/php-zendserver
sha256:cd81739151f291b077280d5506213218ec4bfeaf58fb58fc0bdb91ce2f4bdc08,22,2330309,1,0,library/groovy
sha256:b052cf77de81e89a131b66b4ae03932cba6457d3c8f06538bfd1cee9b8491421,4404,440448781,1,344,library/redis
sha256:18348eb6a49037360c2c8ed2e622c4e955ecbda357aec4fb5aa8c1ab2a473bf7,164,4762540,1,330717,library/couchdb
sha256:dd01bf2076d45a23278a5fc2337b4048f29f914aeb52262b3dba9a605a327a6f,4175,137842507,1,0,library/postgres
sha256:fc5f600a85e4dca1cc876623a9333fa0293aeab6b8248b075c34a465585a169d,1036,78787202,1,62,library/logstash
sha256:9381ffc01808c3b44594cccef6899881a74fd11d073fd8edb73c29e00825dca7,853,20258719,2,44007731,library/ghost|library/mongo-express
sha256:9d129b450ba7d24f3e7cef6c5032dffcb5d80980ef491c00901331be1bb94d55,3204,39487083,1,821656,library/jenkins
sha256:c228de23139eaba145f3bda7b8b3ddc5f0d13cabcdd1089296221716a8124427,202,15947924,1,0,library/vault
sha256:a6c365626763246f238d8095f3c30b8a9a7b9336cc835035e65abb96e8db9917,801,10122791,1,4620158,library/owncloud
sha256:d9aaf4d82f249dc101a6638ff5177fe926cdebfa6c42d874dfa5029533da0e72,3916,106557554,2,196638432,library/kong|library/centos
sha256:db8508199c1a66575f6f08e80394a64d213f1f0f074871af3db325a8252e5bf5,4175,137842507,1,22704,library/postgres
sha256:1fccd56ffa4bca466384679a77723e30abe9c17db0eaecfcfca4c44114a1560a,123,1128362,1,45,library/php-zendserver
sha256:9828a8691c462b2df051cd65720f2a7aee43b0acd306876f8c056d69991adacb,861,114787956,1,328568,library/memcached
sha256:c9e31662fb507818d3a1a71368738769a8ae598a8d080f31ee89d1fb82740f0d,188,10197714,1,0,library/perl
sha256:43e3d532116982e75609cb03d0899cef07e7ff1d49e715952a627d2bb22cc4e3,54,527090,1,2697736,library/bonita
sha256:a6fc055614085e75d84b28a5de935b8017a283add34d847422a503ba5a926b5d,2830,51725550,1,13438037,library/php
sha256:0c180b053696a3f4cf16aa7190a4cc13ca85903d7eb224b68f9a9ae08a82b385,122,4932856,1,88894,library/iojs
sha256:362b2ad87d42737c2db1f979424a2a969ba10223d8eca96d1d4d0328abe1bd65,59,6679809,1,0,library/jruby
sha256:05808866e6f9aa32dd0d90e8ddf2fa61f0aadf1ea3a6cd241e4d8560599730e5,5189,164537584,1,38604824,library/mysql
sha256:8bceb9f576935acd4433bd41017d3b74ea1bcde02593938b3fdba8f594d353f3,1603,32345543,3,2050851,library/xwiki|library/geonetwork|library/tomcat
sha256:412f2d081014e91977d969a4076744ae04cc7d52f793ab9d49a3a0f1ca4ffcc1,596,4571024,1,37012712,library/django
sha256:0976289ed424e49a6916fc030b0eb7d5e2efa8a1f8e790d353bfffb4e0571574,669,15680003,1,11844,library/cassandra
sha256:45e07da071cd1d9efbe48d9c0a7b198e651169a0bf9651ae10b0bd1183c8f9b1,42,2169817,1,0,library/tomee
sha256:8b7cd020f9fffde1e61c9f884932ce7cb60f82fc16fa2b30e30f1a8196ab7d61,110,164517,1,639056811,library/swift
sha256:4ab3c3567ac9a558c5d707ebd05b87f493f54c138beabb6d5511b07b038a558a,106,13588339,1,47488468,library/telegraf
sha256:761545cf558dd9c467387a876eaf968788bb20830cf6a7d90fef5c15bb51daf7,1600,47142757,1,11754388,library/rabbitmq
sha256:011c4b3f66f9b89dbf46cac786d4fd209a836e1134a79cfc0ff8349574d986d0,344,23265886,1,135,library/influxdb
sha256:7bd449a229a84c2c243c38a429f5979f1da1280727dece48646755b2b34bb198,25,246682,1,470748696,library/fsharp
sha256:61814e3c487b26bd9525ffb4e214ed8a53f732992f6d5d9be51fcd1fe821f705,3787,138591065,1,0,library/mongo
sha256:2dc66d4988ecfdee1d603cb33586166e388e1081d4a744ceb716e044519774cf,132,1366837,1,2399871,library/ros
sha256:4340f00313d54680aaedb966ae358ba1907e7c5c9e4fdd89b12ce2d7bcb94130,481,5969464,1,35153061,library/redmine
sha256:07af7c1b10b6664de65c6caaf11ae8b83bd65fb1ac7557775a769a7461e6928b,164,4762540,1,17279204,library/couchdb
sha256:817c8cd48a09f6f7d54fc509d1890d349d1ba1720848531ed8bcb19fccc42962,8648,250465903,8,122863294,library/pypy|library/python|library/erlang|library/hylang|library/ruby|library/rakudo-star|library/elixir|library/node
sha256:33bfff8f2f5ea357fca9a460acb6d6867d8db3e2a601d810470bc6a2534496e8,398,9095517,2,45876707,library/plone|library/sentry
sha256:7db31c658d5c764ea0d74b7eb12e8f5e0c1ee0f7ab44d6074b4e2681fa743018,18,555296,1,6177609,library/hylang
sha256:9867e6e72d4b41d091ff085e9c861a68d023a574281e7c0b286dbe9d6885c5be,202,15947924,1,4836,library/vault
sha256:452b5054fbaf398b8b9bd43246b7c1cdead5b74d83aadd8b46fc2fb31641e200,43,1491464,1,8260168,library/bash
sha256:b24a415ea2c0654383ad163bce83b45fcc16d86aed1b4338fd355ff3a4c44f7d,1968,63995353,1,171,library/wordpress
sha256:b1ebc07995ebb043a508306525b0b599476c77f56a67070cb2ed7b8e3d4a9f7a,2518,99491806,1,0,library/elasticsearch
sha256:7799136eb56180bd9f5f64c4854f5bf36a603da3c849be202045329a223d0d8b,596,4571024,1,48,library/django
sha256:ba6bd283713a743ee651be9e0a833547e00c6f31584a948db2df96fded4def55,9501,270724622,10,44578187,library/pypy|library/python|library/ghost|library/erlang|library/hylang|library/mongo-express|library/ruby|library/rakudo-star|library/elixir|library/node
sha256:4cd427c44fca003d57c5ad391bc709131ed308bc8468d9b1331db3f5571bac74,710,2658278,1,54284567,library/rails
sha256:2dce73e1bc879c3b5239ac423514979a6367409ec06ffaa4cca60127ee44a2ab,18,98838,1,136631579,library/mediawiki
sha256:1841d1c0fea87c731bee87f4952a119956e777b5b192760fc820a38c2786ce70,1600,47142757,1,34,library/rabbitmq
sha256:81f4a61a974d673d566a9c4a5ee0ccad93339891175e15dc4761378c21ccbbc5,210,4439583,1,0,library/jetty
sha256:90d12f864ab9d4cfe6475fc7ba508327c26d3d624344d6584a1fd860c3f0fefa,378,6380965,2,0,library/php-zendserver|library/couchbase
sha256:c2fcdaa6044f20c6c127e1eaaaa4af0ade2fc679488eb7611bc341379d1b53e0,1025,30329714,1,209795041,library/kibana
sha256:815ccac8e4972a5e954d65eb6bb05fa59fdf1a18db21bf9c2dcb687ddc9e5521,210,4439583,1,9323008,library/jetty
sha256:7269dfdc4f52c2e83b4c7d25db6eedd7076345f03726e99b70bf620d9174431d,544,92385682,1,47784636,library/consul
sha256:5112afd5df98e40d74f65865757bcb6985704374adb18f4fe554f2a5173f8c46,1036,78787202,1,1220,library/logstash
sha256:7778a0753f87feebf77803d8df879cbf4490c7788fe5649615cc9209306e8e43,4404,440448781,1,0,library/redis
sha256:26136189f57ff3f0f0dbb9034b52799e7ed838d7148fdf3d31a7f927033f6afc,422,8626228,1,56598332,library/drupal
sha256:e373d95597369ee3b074ccc1db856f2910557cbca2420e5675b9f0c74cb33ce8,2,107222,1,13732647,library/known
sha256:70b71de78a56ec0d6fbe064781575812be361ee954e44c8309a6e5bbcf649aaa,481,5969464,1,1286720,library/redmine
sha256:3ef510ece5671cef5768f97eca1bd5e8b56d10607b8ca42d8bcfdac9f4090cc1,202,15947924,1,3889,library/vault
sha256:f6ae64bfd33d38ba595480aead27756418fa63d2e22da09dc0f2673d863eb051,3696,95432187,8,1924,library/backdrop|library/piwik|library/drupal|library/owncloud|library/joomla|library/nextcloud|library/mediawiki|library/wordpress
sha256:26c57c26c346029b24456a98ae1bd1accee82aca49b30feb63b20377078643ac,154,3886186,1,60660,library/joomla
sha256:5aa2d7d03b2043def034b14fc60953d983e5ae8fdba53eb578266b879a39c2d7,154,3886186,1,3181,library/joomla
sha256:c7bf503f11caab2bf203d00c9c534bcaf6412a17a503f6055e43c6ecd8b48b45,403,7979712,1,101829133,library/neo4j
sha256:039f8341839ed6c0ca916876566d7193c33a80ae461cba558d85832436f59650,4404,440448781,1,330368,library/redis
sha256:6631886cae3d5a1b75f234b152d4eeafa16d4fc2a61b587f34766be5ae839bf3,102,2417964,1,16121884,library/arangodb
sha256:4440ce182be6c887346c58aa77d827134df8ec4d8c53fd3d18fb55f8e4c67d7f,3204,39487083,1,328,library/jenkins
sha256:e0ced3a2853914726d907269031dbb005a28927bb3635f18f8550b910186e00f,1036,78787202,1,3895150,library/logstash
sha256:7568ca85d492e32bb904d3c9f23e83b88579f24e47dc128d2bde81ba57b58d6e,195,939972,1,10739382,library/celery
sha256:5040bd2983909aa8896b9932438c3f1479d25ae837a5f6220242a264d0221f2d,1538,35516095,1,123042948,library/java
sha256:69e672e87f9fa6cd9ae80f9028ff8c2ab6d0d02346752a729806bc6b9e3973d5,232,2286917,1,55937,library/gcc
sha256:e7a555b36c410cb47b988b8ecffb55bc4ca4635c52a8470c7e6eb9ffcf65da05,402,2139038,1,1028,library/odoo
sha256:bae382666908fd87a3a3646d7eb7176fa42226027d3256cac38ee0b79bdb0491,378,6380965,2,187800419,library/php-zendserver|library/couchbase
sha256:6ce16a7a57481224d6898080429c90f3bbdd009d19b9883e01f3ac952d78063e,2,107222,1,31057127,library/known
sha256:02dbafd951e1852b4badbd6cf1684ffabeab896720f34415b96890f6e330a701,17,287923,1,71013930,library/lightstreamer
sha256:996207e0f36ef66260375a59a875998495155231f1607504b30e6229b9fda370,481,5969464,1,164775773,library/redmine
sha256:7a511a7689b6b1f691be5d3a4a9a86c822bb1fd37944943fee9f5612158b1987,2283,50771773,2,32,library/python|library/hylang
sha256:f340301a2a0fd2ddb7dd16b2ea7e7319d473a865c7bc9f93aac4dfb5e9e3a665,99,635681,1,87,library/glassfish
sha256:7a7f9ca3fd40be6ec30a1b27cba2eec6ecebbbc58e4dcf24c3716f2c8c401fdb,596,4571024,1,204671306,library/django
sha256:8387d9ff0016d004777e511a55e21672e4b6de49e32db2544b8ac0e2ee01d5ed,80,638911,1,187728797,library/ubuntu-upstart
sha256:bca553c584ed8ff49371941abc8483f08fd4208224cc3c3a681ae1c6edae66b1,8,863873,1,2196,library/backdrop
sha256:b615a6503e361870306d62c38296fb0be89860e7f987b669b6ddfbd358143a75,43,871571,1,35651765,library/adminer
sha256:af0f77e732e0e0740708b063aed8cf1aac28d8410ebfee9798994db2c0216cf4,661,14707860,3,13503748,library/drupal|library/nextcloud|library/mediawiki
sha256:43b996be9e5e80d2dca9604bbf491001687782a2f10365ad7f5c38eaaf799860,659,6739733,1,476,library/sonarqube
sha256:24fd622517b48699c24343036f99e6cfd10338cc8d6e85ccfba78b5ca14fa58c,130,777109,1,1852323,library/composer
sha256:0e0e5b5aa0b7c8351d01728d0a9608dfad07d96da8c8b5076825baf4617340ba,1607,54367765,1,34,library/mariadb
sha256:1233a500deb02fa7204e2aeffbd4f0e71e841566930a5c78fd2914b171482c71,132,1366837,1,95,library/ros
sha256:3670e7b4f2b08b674227483dbca4fe0449065f04b2baa796fd71e34439248142,47,419930,1,4808,library/storm
sha256:9f662cd4da5e1043b81e9822a0148f824e19d9cd6dfbd6b5dc27b87247919c01,544,92385682,1,4842,library/consul
sha256:1d4b2a40dad01cbd7f931ede1e1cd08b30c467ecd0007aad5b1dd257e36fa53e,70,784970,1,236205364,library/julia
sha256:9bec6160e27ed6ca0e6a174b2957b2535b9950c804bcb47e19704b7d885fe3d3,123,1128362,1,72,library/php-zendserver
sha256:aa6333a5850eade77a650d2194ccafe2949c232f162c30812bf5ed86c066d774,544,92385682,1,3773,library/consul
sha256:ae79f251470513c2a0ec750117a81f2d58a50727901ca416efecf297b8a03913,7385,314886781,8,122025253,library/ibmjava|library/aerospike|library/websphere-liberty|library/bonita|library/gazebo|library/swift|library/ros|library/ubuntu
sha256:4aff2cf9d6ff622a0f9e58d1473e124aada744e5754e1080a97a37b6339058d1,232,2286917,1,141678822,library/gcc
sha256:9b99cd964015f7a73ed6b723bd5c5f8303a7cca50e9654384790e5887412eeaf,494,15010066,1,1116,library/maven
sha256:d8204bc927258ee7d613ed166e9ee95041987ddbfddaf39594e54b403d55dc09,6528,147264959,10,200178090,library/backdrop|library/piwik|library/php|library/drupal|library/owncloud|library/known|library/joomla|library/nextcloud|library/mediawiki|library/wordpress
sha256:04defee0d76bd2f91d28f0d78483320ac9e1f0ceee7a522d3d442e1ff20dfe3b,1025,30329714,1,50095592,library/kibana
sha256:575e6439492d14f303e58687ff9035f385b8ba86333beb7c6c20fe41ccc0ad91,55,2033563,1,170,library/kapacitor
sha256:97781c7c228532e5399d42fa088adff568b697d89cc771e3cff548b05fe6aed0,194,1411214,1,1955519,library/mongo-express
sha256:ca1ace3097d2673b0ec539e1886521fc6d034b3c88d8c7faaa7a31fe9cd4b35d,59,1583472,1,30,library/eclipse-mosquitto
sha256:3e91b4628c63378fa1c9b6a745f7616f9474b920a8c212e6776d7feeb80abed6,1025,30329714,1,334785,library/kibana
sha256:1a1a5bd7fb2bf09531b1f9aad705c149bb5f7eb8951e0e47d10202cb2bcf7dfe,31,515499,1,25740,library/gazebo
sha256:da0c752f02d841476082895bc4754ddccb51c1c653a325025ffcfa92e5e58411,87,2915632,1,195,library/crate
sha256:91605ad90890b6a8dc8f87c2d346c4e7bce33aaa3a17852da75c0b77fbedb192,2518,99491806,1,2530539,library/elasticsearch
sha256:f18507466739114a4d1051c58037d855b9f28dca062ad10d979d46fc8b113727,22,1263324,1,1754100,library/flink
sha256:2404945c98d3c39a18e3d83787ade2526a1d476b140ad4ca470618135830f5a5,1600,47142757,1,43841510,library/rabbitmq
sha256:838ee1f471db0f9f3672a9e9e562d2420508c32cb11b7e09391ca205dfd528f6,853,20258719,2,128233,library/ghost|library/mongo-express
sha256:8eebd0917efc04225b2ab6bfc11ff459d62b619c9ee7ab5508e3996454b352e3,123,1128362,1,33006,library/php-zendserver
sha256:29c737b7159b8b2f4abf2c2a5e993c542609246510560f8c412d0cb1a81e66ce,422,8626228,1,5597918,library/drupal
sha256:f0e4a4e2be44a0f45c2d5ba759997d8a193fe5d93fa8d3d9f8065eb0cb295259,661,14707860,3,46644146,library/drupal|library/nextcloud|library/mediawiki
sha256:3d6dbf9cd4b46a46d18041b12c64ad4c00a5a92d71c39b11698296fc3fe65b9a,69,1799884,1,48734122,library/orientdb
sha256:5edec6a848949b5c9a1408c206ec0e930cdfb6077f327835a5a32dfea56d5e3a,10,350808,1,9591588,library/eggdrop
sha256:7dd42782d26e2bbf0d49e35860ca528b73ea72e46b787312849502fe37e9b333,710,2658278,1,8464130,library/rails
sha256:d9c9c95b2a93783bb67f1336befa8cd884ea0bfe2f62b8ee578ca155f753a0fc,164,1901791,1,71,library/websphere-liberty
sha256:cce210d23042f063470178512de89fd8bf4d446ef54987078a17027f0b38a167,70,206174,1,21735176,library/hipache
sha256:acadc3c9d547340a993d466c84951466592ffc98f49f7ad06e77a204af0d5c54,22,1263324,1,78154,library/flink
sha256:b050de8f5d3eb1e9ea352c614aa06c3177ecf11ed8de6c6feb18bf2a6ccefbb6,661,14707860,3,6381,library/drupal|library/nextcloud|library/mediawiki
sha256:c4882330b1e91a9ee23947a6061061a7db83f3f2c1b7e11af4a8dbfc0911a3b1,2,107222,1,986340,library/known
sha256:d2b4e6faca8e2cab294c11214d852e4b1a29e60f62988563234c9fac909d128e,669,15680003,1,1581,library/cassandra
sha256:cc21a2e04dd33aabc8c86d2fac971a12020b048c80a596eaf31484905a2be606,1318,336583172,1,9721824,library/httpd
sha256:f09efd2ee9bdd3bfe55556a2e60200d06d494be7f100d12a5d26f2a5b3424ac9,3204,39487083,1,3959,library/jenkins
sha256:65f5e892f69c68d62c971aa3da62c0278bc140200b4e7d18be19a662c93b8abd,1600,47142757,1,10721,library/rabbitmq
sha256:34a2b38b600b46f174ca21ddcb5f2cde51be4f04751b7ae03d01d1045b97921d,104,1856124,1,121141,library/piwik
sha256:7384db735905c427461889f90bb4a93585961c0e154751d0d27da15573435756,27,705026,1,414920902,library/nuxeo
sha256:1f351cf8a76d88aff0132196591d6bd60aec0c01480f4642f43df7c6511291d6,10,259189,1,184,library/geonetwork
sha256:409a615e60d11df76f7526fad820691f70f9919dbabc7aa4f0f86fb78b125c45,298,7913099,1,4477,library/percona
sha256:c02c7df4a131d5f0376e1c7f1648add5f443facc8e18c7deeb0e85af7308ec76,32,6428717,1,87087291,library/ubuntu-debootstrap
sha256:f05e666f1a7a506e28cd396aa655011dbfd554b222d12d5dd0d309281a324f85,27,705026,1,677,library/nuxeo
sha256:f789cd8382bed2f7411ff5d31266e8bc6fff4b218d0757b054cd32513b1125cc,1318,336583172,1,133,library/httpd
