sha256:6c1d6c94512c372ec4a3014911327972efdcb2a293b9e6d11ab4dffed346b76e,5164,160265115,1,34,library/mysql
sha256:49388a8c9c86a6f56d228954eede699c64fce6c671a989e3e21c391859694645,1895,158926673,4,4811056,library/registry|library/adminer|library/eggdrop|library/composer
sha256:dc8a629d8a36eda59dea705f8bb9bbbba8abe39c9b88f06aa799f8626a75f713,1543,61134201,1,161631322,library/golang
sha256:998ee72febf981613cedbf2e9e4be02b68c66dce7c069b586006ea9066e8815d,80,631609,1,194066,library/ubuntu-upstart
sha256:fe3f635e5e13c023963379e9e45d9dae2c2f8a30edeac9e1cdea2211d9ef5875,2,105055,1,986340,library/known
sha256:da2ee03f278cff6f5ab1ee17dd853ea787021aed392ffafd1e397a8287174ead,2,105055,1,135274192,library/known
sha256:c701b47a08df147a29b9413a9d171baf724ebf8827937d23114a6e7525bf46ce,664,15214572,1,330396,library/cassandra
sha256:95e47cd91486329d8190b68b42200e0befd01acede5dcb4ed3226d60cb6f29fe,797,9712144,1,6381,library/owncloud
sha256:d8d31cbdc76c4a5ff5b06d7c40b1247729bb08811b959c43f490752ea62a2294,853,108021186,1,34,library/memcached
sha256:e6b5cc1642d340ae04775d897e6c2048f2361eceabf8dd6ada5c78be3d38f667,41,819055,1,6366,library/adminer
sha256:237b7f0588af7975198ea09449d02be34ad051846f10dd275c8ce42a80190bde,766,52837052,1,15494427,library/swarm
sha256:2f3d3da5c56e5c9083605636f83450dfb193a0e46c55185cf98ed1ebac26f339,5286,90647800,7,463701576,library/sonarqube|library/openjdk|library/maven|library/nuxeo|library/jenkins|library/clojure|library/gradle
sha256:1bb98c08d57eb9aa8b8a810bcee569cbeab2e6828840f36deb1ef485b3ae16b2,8564,243432535,7,322695342,library/pypy|library/python|library/erlang|library/ruby|library/hylang|library/elixir|library/node
sha256:42746b34022d0226be08db2d4f95595ef6ee3b8ce47f11ec2ce705333b5fad53,87,923512,1,96480637,library/irssi
sha256:fce5728aad85a763fe3c419db16885eb6f7a670a42824ea618414b8fb309ccde,1530,35035183,1,44311080,library/java
sha256:7058d282fa00d5c102215df75410506e29eceec09933c0abdf9974e425f7de3d,4386,429934204,1,344,library/redis
sha256:c2d27870692fdbb04d3977d1684e62f8c8590e65d90c5a4a43371dde81063f69,152,3815622,1,35965293,library/joomla
sha256:32dfc8ebc5e12dc341a546efe2041095b06c11ff7925daa7d5789ac29cbccdd4,797,9712144,1,13297532,library/owncloud
sha256:838df694d9c3f97ab5439d7a43ad258fd52186bb900ccb303cabb1e04246953b,3,326236,1,33,library/rapidoid
sha256:eb2f3b872c113a206c11bea8ee4d1b07fb9ea41ebd6b60f31c4b4a5666c32ba6,797,9712144,1,45519204,library/owncloud
sha256:5629decf37fc46404a4543a06d782ad151192d73b5ee58245c850936b74d5141,122,1116420,1,3063774,library/php-zendserver
sha256:53b8093bf3b40d3e5367fa729ffa20d8099ecd6907e7ffe47ad786b44c18a4c3,383,8360798,1,2756599,library/sentry
sha256:14920a61dd1ff12a8a1df51d471c144fa0aec203ac9a169a26f54f21d7bd5bbe,3195,39008764,1,3959,library/jenkins
sha256:f83e14495c19e0bb1c7187b76571e3c6a2125dae2926678da165cfc6c7da0670,0,24741,1,335145,fission/node-env
sha256:14e8699f25f27d946543dc8bc8a5b656715c1f46e6a0c6294507e0065f6f1375,192,1385872,1,1955475,library/mongo-express
sha256:6d34c9ec14365563dff516a583c4122f35a19016a83cc9cd333ad5a62f9a705b,0,147,1,0,fission/php-env
sha256:5fce59418fe51e1fd810016b624f913458630ecf0958a6dfd8d326ef91edf4fc,102,2379533,1,16121469,library/arangodb
sha256:9eaee36ec887882475ca1673281297487b49f92ef3d1d5f98c6ae511ac9c4243,400,2085341,1,519444904,library/odoo
sha256:437038dc2fba4b6e42e5435236bbc45d0ef1465aae09069c2a83000ee7d28561,80,631609,1,1621310,library/ubuntu-upstart
sha256:73cc7d14c1eda78646ec401ed7753f003539a838785070e91604077a9e02a44b,1955,62763581,1,171,library/wordpress
sha256:c059e397d7ad484ff5171bb6c3aadcd01cd3a80e7578b7e60b468d4d0803f638,126,753481,1,0,library/composer
sha256:2808f2be0e83969311377e0cc571263cb13ab75d28a541105bb5e11b0721a4f1,27,689813,1,414928676,library/nuxeo
sha256:75a822cd7888e394c49828b951061402d31745f596b1f502758570f2d0ee79e2,1300,7175112,2,123057319,library/django|library/rails
sha256:bedb133789df95f998f6cd6ff39e3e85dde0d1e7768acaa15c78ef31b0ea674b,126,753481,1,525342,library/composer
sha256:e6ff280b06f36a648722d26e33dc4d81e499132e6ed8afc8da6bdab6a5d98ece,8,849847,1,30,library/backdrop
sha256:ab2da82b6029e84cc43da2171c921ab6933319835b6d2dc3aec3c04c893e17f9,853,108021186,1,328568,library/memcached
sha256:4a83447312767b81293d58c2798a762886da1c67ab2e9d6f80c8c8711235ed06,656,17559715,1,1286720,library/ghost
sha256:da8cb67cc92e2a5951aba75d3eeb9124c8a27903b9ef2dfb74920a300ab6edb2,492,14511966,1,10605406,library/maven
sha256:c6defea3d225a067064d5e7c9730c603aad2a0b75199c3af02a22feefd9c5bd1,770,16721660,4,555127657,library/perl|library/buildpack-deps|library/gcc|library/rust
sha256:bd7936dd0373fd3850e08b70da83c16dba00ddf7404aaadd79d063fbd7ac406a,1030,78444625,1,3896968,library/logstash
sha256:e4665cede9d1cf30769226da349e1f7e35bf16f75d90688b9cab8569ce00ab79,592,4527109,1,7449150,library/django
sha256:c7ce0e589ef9beab908781698b4107aca2df7f81d85d0cf8e318ec8e7ff9e1b1,0,107,1,53016291,fission/dotnet20-env
sha256:85d9f5153e3718b515c71635f26e35124082ce98a3a8b19ed625f908f503a237,2505,98379054,1,39342491,library/elasticsearch
sha256:40316ada14cca63dbcdf0d85486bc7e062e9e3cbf550151117df1ec88686e998,664,15214572,1,11844,library/cassandra
sha256:a0e16372bd8729a24cc6c2132a95f125f9f1a8f560d020ae19d49cd88b084e66,126,753481,1,34,library/composer
sha256:fef1d6d1d6de4cf6004dad4b13e4472a8015f40682a11712a6187e4c8ed53b5d,248,3853780,1,343590645,library/rocket.chat
sha256:8514aa1886c82bd58bb95e2b6e1fac0b1e3f02f6cd2f3e85ac168e471a684225,13,519417,1,188,library/znc
sha256:2a153c40c6b63ea74ca642feff1a02343a4dbcb1e8cfa59519ae1b2017765473,451,5726687,1,2915591,library/solr
sha256:ef21a420cbf46dc006ca32b8410d5266f075602a2d4a6f1291057d36eb3bec72,44,1071995,1,37075639,library/chronograf
sha256:0a9e2e8d5da06f7c9be4175f0aabe39ef11877cddbe2bb9514935da546d82be9,152,3815622,1,3181,library/joomla
sha256:d84b4a5ef8364173457b7b6634504d4c21845dd374329222bcbfcf2540c778b7,44,413538,1,4808,library/storm
sha256:2e59887101daf00605787b02cbda097ecf13f149d741c0009b463d39d65e5d2d,652,6463293,1,328835,library/sonarqube
sha256:835012120996d4403dde737c37b72682a863de8b1db8ab7e0679b147d5656332,383,8360798,1,519,library/sentry
sha256:23eda618d4513331d49c6de76aaa051919f7b57752bcd8fee3cba37f816cbafd,70,205039,1,194533,library/hipache
sha256:cb43d762a5af0374873c0bc68901e02f7c83d02b4ebdae99d485410a660fc8f6,1019,29919447,1,50095405,library/kibana
sha256:7242937de2b8ebebcb53bdb2a1f5b1032ac7288ef04a96ee466080ef38aa3c2d,0,277,1,125,fission/ruby-env
sha256:a9a55a6b9503b050a7deec50cec08c32eede98f1876e1b821b821ae8e7f8531d,637,14081904,2,1346,library/drupal|library/nextcloud
sha256:2fc3747285afab6b49617f7718735c68150d890b0bfb88352fdce3c5df8e4b14,5164,160265115,1,241289519,library/mysql
sha256:646b7cbfd744640e8675de2cb331f5593efe479ad6ade9783b88993e267f0f3f,54,518228,1,2697903,library/bonita
sha256:ceecfa90fed5fc1852ad9cdf6666ede3c9305c23f22dbb79f563a0dc0ccfa143,199,3071722,1,107911394,library/opensuse
sha256:7359058ef75f11c046619f899c77451d4278d9c1d39210acbb68b62bbd3bd27d,2816,50092959,1,13438037,library/php
sha256:04f4eddfc63d3944307a293f3dd0b9e8d41c109156ecd9cf0ab850dc04b0ab11,2505,98379054,1,0,library/elasticsearch
sha256:2d8a77640ea31782b75bbba2e73115e877aa77a5d0ec10389ca6740597597a2d,1600,52249333,1,34,library/mariadb
sha256:5875fae15e491884eaa1431690fccc40bbed9416721147c7d469a053730ac63d,395,8785133,2,6947537,library/plone|library/sentry
sha256:1ad47f0415915f79f17ee807eb8e6001093328181f3625ec4ed47a9d412767ad,106,13302860,1,89,library/telegraf
sha256:e6ac19b3456ad96f0e963fff45ca48b732535ecf55af9b3c688c9bdf5d387e30,55,1977859,1,3638,library/kapacitor
sha256:8ef2ee37e5f13de4a0dda0fda6dab1e97630c57fbaebe3ba8b3f7f72e756521a,1600,52249333,1,21127,library/mariadb
sha256:5cf3df64f4c1e74b0284fcdb04616fb104b34a640e69e9fe6943ab5639c5e889,21,1165480,1,2843,library/flink
sha256:29652b55913f35e46dfe21cdab929b94ad8e741a426c60a7ed5fd7297def4d83,479,5892596,1,163406799,library/redmine
sha256:e8f431905ab10e30006c9487b32819aece3a33fd5afa9eb5362f8b4a5010bde9,0,147,1,7976091,fission/php-env
sha256:f37a5d2e68a41524d0bb9f80d67a4b4a4ffde7ae1943b6aa905b257616f702e9,2816,50092959,1,34547786,library/php
sha256:2726297beaf19be957416750338c095ae15b94adc0e8c1306cebbf113f8b9a5c,122,4889685,1,44641329,library/iojs
sha256:b46c780e8953b10831fa396da158783d2da311d10bd7a6865885251a0150971a,55,1977859,1,94553765,library/kapacitor
sha256:a5b8c5578d6c122f9abde3cd9c2f603f5f8fba5ce9cc7bc5f91d6f3874f8f1e3,797,9712144,1,30,library/owncloud
sha256:dd2a5cd919302842680a966b507778ba9c000f219a1621a9b8d948c91e63db49,114,3996978,1,12649865,library/pypy
sha256:f4d255fd0d20e92ec3c45f590ec0602446631f1b7212eb695f4a512bf405cd1d,3195,39008764,1,821656,library/jenkins
sha256:2b8ca22f73dddb6d3d1e144ac1f8cff7f82ec98a124b3b2ca2805674509784c1,13,519417,1,346,library/znc
sha256:1b967311ceac2a28345dbca9ef16cc63d792557749aa114769118d89e88ab839,27,689813,1,677,library/nuxeo
sha256:bae382666908fd87a3a3646d7eb7176fa42226027d3256cac38ee0b79bdb0491,376,6169447,2,187800419,library/php-zendserver|library/couchbase
sha256:28870dac52a140188675e6e6bca33647bb876b11c4575a366350a4e828db8d5c,122,1116420,1,80749,library/php-zendserver
sha256:6f55b8eb80bd608362b4eaa8cb72cf34705d24202f3f5fa3b99d20ea80b3d2c3,400,2085341,1,530449298,library/odoo
sha256:17f83b2c2eb8ab494b7647efbd3c0c14dad96b4e5221075e3988b5a1a88894df,55,1977859,1,170,library/kapacitor
sha256:1feec893e08adbfe2dfe8ca291b8c2a188741ddf4239e917b6357ed8da3cddb2,42,2116902,1,73222,library/tomee
sha256:e9b22c5a2e804964a89a54f0c6342f8eadd1c4364024b398e73d061369f53ba4,102,2379533,1,4243,library/arangodb
sha256:a1b03cc93a8f46ea677a34dae42887a958343d4cbfb1a94b4cd9568e2f6dea9a,31,508964,1,93,library/gazebo
sha256:933531c61fa0f1bfb5b0ead0bca0bdce1a05b505f0e082f4efa46b0e7838cd02,215,5633302,1,4916842,library/nextcloud
sha256:21fbc71f60bb7708330c2369f914292a8d68d431ee3b9df08fd97149fb5325c3,17,269498,1,317613937,library/mageia
sha256:93242e2571409f6292ed14252d71385d444fae89ca6318123be281a0c6c73326,3195,39008764,1,328,library/jenkins
sha256:65382d38d15d4d182178a85ab1ce7f7939b368bede1a880cdc998b271e86e9d6,0,2428,1,766492,fission/alpinecurl
sha256:7714ce34247858cb9e07dddd918d6aab795389c9821e77e10edceaee78feee18,167,1572536,2,2620426,library/adminer|library/composer
sha256:1fbc98b7c6231e23fa413b920f98bcbddba9e5f01b69be1f9dc02295e7ebde31,243,25269445,1,274670,library/traefik
sha256:0824fe551c465a021e1f896b585bd1d6b486cc17b134846a169e48203a72d237,162,1875546,1,549,library/websphere-liberty
sha256:26dc01fbac858de9d7f2f03aa1c0bb9b1ab7b650df064f0926827bd254bfec84,2,105055,1,6370,library/known
sha256:5707cea8b6da0720439c236621151d0f349943d8f5a7bde00d7f1810c10816cc,31,508964,1,71,library/gazebo
sha256:db03407a1aba1c0a89dffe960394aae639885702e3faa65271b918c36c7905cd,1592,45742741,1,34,library/rabbitmq
sha256:8861e54ad15d9d92aecc9dea9b42f602f1ca22d88b961f9d4d0fccf4bc441f6e,13,519417,1,262,library/znc
sha256:a973c39349e45bb6f90732a319ed48c56a4c5fb41c0dded13239ff65338d661c,188,664236,1,45022186,library/r-base
sha256:6d278db1ca11d77054a28c244e2b8a3b7c534a3ab93bb1acc8138868d6e41480,70,205039,1,1624351,library/hipache
sha256:bcd7bd501ed7aaf592c54981f7255aa3dc3bba99ffc95e7a05c8358eebc2b918,797,9712144,1,1346,library/owncloud
sha256:9021b2326a1e3a942223c7e349a92203df184f2dcca45f5be7b0b80ac50e2ccf,1,586,1,122924927,fission/go-env
sha256:0972f6b9a7de1ee8ae02473a098d3794336153353cf8cbbaf563ed6be7735a5f,7062,220295813,3,0,library/percona|library/mysql|library/mariadb
sha256:8ff1847cfb2c86e5bb647b17f1b5f0208831501251d95d52027176ce6b56f6ac,1543,61134201,1,0,library/golang
sha256:4a1ed13b6faa4be7117a973f02c46398e98adfb4a2af34cb279fc5908e37ccba,7604,169157641,13,141680694,library/perl|library/buildpack-deps|library/golang|library/sonarqube|library/openjdk|library/gcc|library/maven|library/rust|library/nuxeo|library/jenkins|library/haxe|library/clojure|library/gradle
sha256:54f441bf120639743f0bf30fd473af41c5d56fd08ed864a3a65e1400218fc686,0,277,1,1597476,fission/ruby-env
sha256:58f3919fb286d0d7d61287a53fd953bcc7f73f55f94faebef6d19d4278bca3dc,59,6502701,1,21933463,library/jruby
sha256:4eadc64324e1cdcb583dabb67b20f2ca6d0c5c29acb4fc9470c7e42366982968,0,2428,1,1375007,fission/alpinecurl
sha256:bc95e04b23c06ba1b9bf092d07d1493177b218e0340bd2ed49dac351c1e34313,9646,1033086811,5,55266918,library/rapidoid|library/memcached|library/rabbitmq|library/chronograf|library/nginx
sha256:e59d79b5d9392dabd4cd1f3e38cc3f69cdede58de32abefdbbaa671fabf516d2,8,849847,1,19549857,library/backdrop
sha256:1b9c7d88a4312f350128ee50bd32640beab2610f6b5c380bdbf71bb0408929bd,848,18945587,2,44007687,library/ghost|library/mongo-express
sha256:0c216aa6532e49afe1229292efce2471d7054f1b8d072de5d46f83fb4b0dcbe2,17,89210,1,720959,library/clearlinux
sha256:c842a08369e2b03637ee98013843a8c973e8736d9fcc8999e73acd8d3dee1ff1,2372,53553611,3,8666760,library/pypy|library/python|library/hylang
sha256:b208c0cf095a26f5d06f36d1d983230b8e218c404a63df0ea724438eb6264840,22,398969,1,330406,library/rakudo-star
sha256:1b199048e1dac21056ab6d1bcc4ff6777aa744394e028220fe5a7f3969b2556d,5164,160265115,1,38604704,library/mysql
sha256:c78086f6e1235078568bf40edc2f42be9be1f5fdc79395d0dbdfcf887d78b0b5,1165,65252621,1,0,library/ruby
sha256:60170fec2151d2108ed1420625c51138434ba4e0223d3023353d3f32ffe3cfc2,1530,35035183,1,1285039,library/java
sha256:d8ac004c0f2d32c60163cd5178fb566b8fbd0f15ef6ab05bdd43df2ee3e5f05e,1306,305360047,1,133,library/httpd
sha256:22eb8eeed9aff6a569008890debdaea88a857985143d4b564a4ce3b9de63344d,3,326236,1,330,library/rapidoid
sha256:2079c2e3f89a5735792c876d62e87b8f9c0ebec35e3ab602eef835feccf4a0a6,0,24741,1,3997877,fission/node-env
sha256:449a8331384698fc471c04015009d92c21bc050a1ec676e09ab0d7619f1ba093,398,7864277,1,5687,library/neo4j
sha256:57de64c72267e88e952b064236cb906c7626f7c07a1a2d5900cf6953e72632b3,708,2648003,1,44314605,library/rails
sha256:f6a2b145fe1cb775d892ea61309b52eb1bfbe248ef93623288cdc0989dcc8652,87,923512,1,335105,library/irssi
sha256:7de9f6090f0e12d5687d807198fff15521685fc85fa81fd95105adad879520e7,1030,78444625,1,1220,library/logstash
sha256:4bf44bd49ff7acaf2d7529320f59d5b7d256d708efc415d6dec56bdddecada90,42,2116902,1,0,library/tomee
sha256:c2b324416d8726fa377aba6cdad1ecfedb8932d5b090472e6d28cb9aa9e84dd0,52,2211071,1,0,library/gradle
sha256:275f09297ad0c69aec7dd1e33bb32eccc545ffbb4154267d31483fd3f4f3adce,338,21987999,1,3638,library/influxdb
sha256:dcfc46e8b3f4224f2aa40a977f7f5ddd6b7508297590cac92636b2c6559d4f3b,652,6463293,1,476,library/sonarqube
sha256:f2cae1ba16c83187cf5530c541f196b4e9f3bec87f5a05402280c0a4c42a6f1e,122,1116420,1,2934,library/php-zendserver
sha256:99651f907fb3ed5e91ffd7b8fcd7873f172927f7db2243ec7d34375d85221548,152,3815622,1,30,library/joomla
sha256:bfa45123caaf8295f86f3e57d887c226106d7517cee5d9aa9b7af407a6525cba,383,8360798,1,9291,library/sentry
sha256:fa261f04fa6765ebc18e0563f71735fc2a40e4da70e19e28417140fbb33eb33d,3770,133780137,1,6418351,library/mongo
sha256:3b52deaaf0edb8a0282a08dd9c9e25da2050a75739b832ecc6e29941394933a6,80,631609,1,194533,library/ubuntu-upstart
sha256:537882d10e15c4c67245c4793e7ce4993476aa6fad2efc2c4f5780dfece571f4,451,5726687,1,11186,library/solr
sha256:814b8729813c4dde235af6e0bb5235616e9a7091d5f203581c1e0bf522f8a835,537,89003891,1,4842,library/consul
sha256:dba901efed8cecd066085ffec4b49648fc217a911ec6557efaa4fcc7eca9daba,4386,429934204,1,3098462,library/redis
sha256:2ff639f4e6d90459976593914c5ae23a5d3a3b4268c77a7dce16b05ace12dff7,5164,160265115,1,55,library/mysql
sha256:b0de1abb17d6e07bcf1b68dc5c75acf0386405905ed735efe65a5235f29e756d,376,6169447,2,7,library/php-zendserver|library/couchbase
sha256:6bd3d457e27acefd70f4ff93b1b20794746e0a49eda0630f9e68aed3b7e910c2,708,2648003,1,45394803,library/rails
sha256:3db84569570f9a554474131f28eaaa862ce123e9abc2262fc8c256d33c7bd127,479,5892596,1,0,library/redmine
sha256:2296e775ba08de9d41d94164ff4d14bea2c4ad0074b0e395bc6ee35ff0534a5f,771,14607672,4,87,library/zookeeper|library/storm|library/orientdb|library/neo4j
sha256:d86d77f99432dab9516a951c73beef4de6c3cb288d2f1b7f95e162d3aad15c4c,383,8360798,1,334785,library/sentry
sha256:176cd104dcd5634484fff4517299cc0c03457eda2ec78bc63bc348d69994b2e3,230,2254852,1,55665,library/gcc
sha256:44284625ee05358266b42d2619fcd0dcb422b3f1a437ccbb6c667513df939fa0,0,4438,1,277571060,fission/fluentd
sha256:f84921a80c0902398c1632a63e36ef711ef00d6f0d5b7434de476a3bccbea7c3,1019,29919447,1,1220,library/kibana
sha256:bf70e0862517e4e1c632859f2fcee9dc06834b2066adbf8f77ff72394d2d396d,254,5053027,1,242,library/couchbase
sha256:ac2c5a568206b51af3dbd9fe7e7e3ca5293ee554f5ce5cae7c4f0095a5f2e232,492,14511966,1,1116,library/maven
sha256:86144720cb98e986315d7396d0e8216d37a374a6d196c6064635aea99fc623b7,1306,305360047,1,0,library/httpd
sha256:011089ed585a545b59e83fa3471fdeaa2389eb6c294b54dd189aa9546b56c228,587,41676711,1,633343,library/docker
sha256:96109dbc0c87efa909696eecf0f13ae03eb8c777638a5593f49652f718ae27a1,1,586,1,0,fission/go-env
sha256:41fea39113bff896d196a20e0d032c7535e6a6239b3ce1d9c7749a092794c50e,0,24741,1,131226,fission/node-env
sha256:3bfa73853bb215bc13503cadb23f8a29292727f520c2edcd6fad9551c83c034d,254,5053027,1,32,library/couchbase
sha256:4c9e12292e893f51c82bf42c37b383844d490ec25d944fa343d171c9e7398014,70,775336,1,232415983,library/julia
sha256:87beb2486d387e6a7181814f588058f3c5a0d379ad44b5df628fdc7ac4ab0f0f,163,4748830,1,330717,library/couchdb
sha256:a676c68356b4c49c721cb777d6ed948decb3950617fed2e709e95a8f1c772ff1,3,121827,1,0,library/convertigo
sha256:980edaaff53b44cce16a276125944851f730f29a03d970db878a0c71206460b2,0,450,1,7265633,fission/perl-env
sha256:3dee1a596b5f37602a1add0f54536b2fc4556aec98fcc6d67526775c494a2433,2792,358954130,3,55,library/cassandra|library/haproxy|library/httpd
sha256:720d7dd6fbe9a401fe74252068627928165d88ddcd92cf0f39394cdcaf156b3f,201,3130149,1,12140718,library/elixir
sha256:f7c3c9fe446e4bf6e9b383fd8dd426d3415969bbbcf4dd1b898ff9db82185181,209,4367856,1,3263,library/jetty
sha256:5b614144c5fcc1ff8064792c2ca6de01f013c1dd1ca3bed819ce54e9c4415cfe,3195,39008764,1,0,library/jenkins
sha256:399d4add95ebce02b3360a9e07fe929a836d5d2c563ec01b1107d0e055c8d900,587,41676711,1,933,library/docker
sha256:d90c670741e8d69f38b41bfa8c29ba963a5eb26372b2047df552f96df37bfd52,1306,305360047,1,9721824,library/httpd
sha256:b20cc84e5780f3f7eab91254f5faa59db9e1f0544884571dcfd7c0acc68ba399,0,277,1,0,fission/ruby-env
sha256:a0d29ad55c3888c5c3fe2f9b2f5c058c157e34882a35f76665ebfc2a3cbdc683,31,508964,1,780675788,library/gazebo
sha256:cb65a1abfc829087d4f3226ed9f9f72de4ef97cf23c0bf2d5bf85ca405f1437a,44,413538,1,527,library/storm
sha256:871436ab7225503e9e951a7acb7b1689a91a60d033bf8cbabcd40fe5ca4cfc87,708,2648003,1,322552135,library/rails
sha256:d27f4a5c36db8e6855c5c166331fe073bb20b0b45b01be7840809d39761b714e,0,4438,1,1008,fission/fluentd
sha256:fb5937da9414eeab6d68ce06a7ff60d8be1e2c1518ac2588d5df135ab54a9801,1,586,1,44643633,fission/go-env
sha256:1c445de978dbe07b8e50753810e22d34197a988d7e5d47965aca38f347ec17b9,587,41676711,1,17,library/docker
sha256:8c79174ab648a3248800f943783007dc65b1045809627939f7c50b6d4bcc9064,13,519417,1,261600000,library/znc
sha256:4608a1c4fe4712ef28612fa8ca8373b1f02936cb5b8f4baa96545b0e09e00881,195,931818,1,62654065,library/celery
sha256:980977b40885694420de7ee647ec086b03a1c0c2254d011956f4591189de8d5b,106,13302860,1,27009268,library/telegraf
sha256:5ee00138738b0b93f694ce8de79db0fb3bf5ce32ffcc50e29043de2b4f257ac8,1,2211,1,0,fission/python-env
sha256:c2807e33cf8416989005a833f0b1cf36ccb635a9c1df5b00dbc1862dfd01330c,708,2648003,1,118161349,library/rails
sha256:245cd97663ca63280a9a28e25af5e969833cbc4fc7831d191fdd4eb0dc8ef8a8,1019,29919447,1,365,library/kibana
sha256:ca94841cc0d60eb9ab2a785fb347e9bc894d7a77ddcc57d3e21670e087dc6a5f,0,24741,1,3816,fission/node-env
sha256:a69a403521939753b636e6981f030032c72b27d78cf9cdb816748d4fbad9be81,41,819055,1,5179,library/adminer
sha256:ffff09909504cacaac9201e21d25c040fb7633231abab154487c27a612e96ffb,479,5892596,1,71164990,library/redmine
sha256:394e118ac8b2eb83c008fb81cb60d08e8ae9f309c37d31310ecbae34486c413a,0,147,1,0,fission/php-env
sha256:8e6802925a83f8685b4aac0f57ac4b7e999655a97ec0978d8077551ed58546fe,2218,69159722,4,33344779,library/backdrop|library/piwik|library/joomla|library/wordpress
sha256:1cb650e60a81fbf1eb16ad5a910717a4ded322c6cfd07974524fb3a880ce9f07,200,15579553,1,4836,library/vault
sha256:adf6d2d8db30eb1cabb2310a5596cb4c8ec3363d8d3199ddaf5dc51222c7120d,197,2413181,2,185044253,library/ibmjava|library/websphere-liberty
sha256:e88955fa432be6fc0dcf03cc133166ac4c08a106244488cb14a6bef31d9f4da9,1,2211,1,6485473,fission/python-env
sha256:c3c102d412869b021ad11262f895d44c0c3c6f42edb4431ce14a62e5348c7df0,254,5053027,1,166720,library/couchbase
sha256:27cdaa072a8963b62e2e105b1bcba1565754f77628b5f10fcefe871f1e73a2ab,637,14081904,2,13503748,library/drupal|library/nextcloud
sha256:29ede3c02ff200fff7454ce59e1c3bb62f538847cefd5b8541e088ad22c42879,376,6169447,2,194577,library/php-zendserver|library/couchbase
sha256:90b5b88dd5a78b6d1eafa6faf32f0b4f967326ad43b29681bcdb261a591c792b,215,5633302,1,30,library/nextcloud
sha256:c3cf7b347bc4b15a2e79949221192d1528b49f186884c535d63b3d18700e24f3,34,857855,1,999520,library/xwiki
sha256:5409e9a7fa9eab9287c6992a75dc9b70811a01e96a24872a02ad07bad557b20a,9682,266630871,11,44578087,library/pypy|library/python|library/ghost|library/erlang|library/mongo-express|library/ruby|library/hylang|library/rocket.chat|library/rakudo-star|library/elixir|library/node
sha256:081cd4bfd5210ff69949cc356db9693d11d103cd2380117cff7d4be6966eafdf,0,149,1,44313816,fission/go-builder
sha256:1a3cbc95f0eda81293c2af3ae259d5bc47e5e3a3464e86e800f4d9775fe21b1c,162,1875546,1,1622,library/websphere-liberty
sha256:dddcb26f4d72b368da9eb9afe2ecdcd4249ddbaf9c0bd8f39fe92644332818ad,200,15579553,1,0,library/vault
sha256:693502eb7dfbc6b94964ae66ebc72d3e32facd981c72995b09794f1e87bac184,0,1888,3,123050420,fission/dotnet-env|fission/fission-ui|fission/go-builder
sha256:34154311a8498ff79d8b49c181d608fb78f0a8643d04c43ac30c4e86c1e65610,34,857855,1,416292213,library/xwiki
sha256:03b1be98f3f9b05cb57782a3a71a44aaf6ec695de5f4f8e6c1058cd42f04953e,1130,393348619,1,1129289,library/busybox
sha256:10a267c67f423630f3afe5e04bbbc93d578861ddcc54283526222f3ad5e895b9,1,586,1,0,fission/go-env
sha256:9f14bea2cd4e7acab220ed63b27d37205400c55d240a3f99b684d842b6f88a93,3770,133780137,1,34,library/mongo
sha256:842828a5b30d20b8a530ef7c988f2d5ac5fb21ac9851f2002f7acecffdce6013,2,105055,1,4307583,library/known
sha256:70aae031a181f50dcd4732ffb464a327c7a72655ef3f2a1d91ef176816dd79ae,1,5041,2,0,fission/python-env|fission/binary-env
sha256:a04e3f0d7c564e0c37621185218fe9ad2f910ca47178c603b5cee986911056c5,230,2254852,1,14887,library/gcc
sha256:fafc69b6ad2eb70af5598af4d835628fd15edbdb61e7239c6fab797cc1f5d521,126,9446773,1,116347725,library/kong
sha256:e2cab977990a8d43b0368da0a880b99ba6a56caed2dcd6b041ad89762d2c2e11,1165,65252621,1,70556811,library/ruby
sha256:3185431443277320b7ddee0c0dedbf0707bb9b397b95b0d40d7981eab40fd729,0,450,1,0,fission/perl-env
sha256:1d28a3be251eda8c3fb7010a714cf1bdec462b7116d4c802518f35c6f5b625ae,0,450,1,0,fission/perl-env
sha256:e34cf8338f422c47dc8c752afc2b406bb502e95cd2f74af9e84bff773e72d243,5286,90647800,7,33,library/sonarqube|library/openjdk|library/maven|library/nuxeo|library/jenkins|library/clojure|library/gradle
sha256:00ddb097f3f5c1afe2bc6bc6af1ffb9d2f75b300709f69cf02ded0c66318848e,590,15313440,1,231079876,library/fedora
sha256:4dfcbad1d857238515929139c23c9fe8bd31f1fc26c0b3185377862624b2e2b6,126,753481,1,1852323,library/composer
sha256:a3ed95caeb02ffe68cdd9fd84406680ae93d633cb16422d00e8a7c22955b46d4,94466,5197363592,153,0,fission/node-env|library/ubuntu-upstart|library/iojs|fission/ruby-env|library/perl|library/buildpack-deps|library/rapidoid|library/golang|library/ibmjava|library/glassfish|library/sonarqube|library/zookeeper|library/registry|library/kong|library/znc|library/pypy|library/aerospike|library/python|library/openjdk|library/docker|library/centos|library/haskell|library/websphere-liberty|library/hello-world|library/eclipse-mosquitto|library/logstash|library/gcc|library/alpine|library/kapacitor|library/irssi|library/maven|library/mono|library/telegraf|library/swarm|library/jetty|fission/dotnet-env|library/spiped|library/adminer|library/hola-mundo|library/bonita|library/bash|library/vault|library/kaazing-gateway|library/backdrop|library/influxdb|library/mageia|library/oraclelinux|library/rust|library/django|fission/perl-env|library/fedora|library/storm|library/nuxeo|library/ghost|fission/fluentd|library/plone|fission/workflow-env|fission/fetcher|library/eggdrop|library/percona|library/lightstreamer|library/erlang|library/hipache|library/composer|library/rethinkdb|library/cirros|library/nats|library/nats-streaming|library/neurodebian|library/mysql|library/mariadb|library/rails|library/odoo|library/mongo-express|library/php-zendserver|library/fsharp|library/piwik|library/xwiki|library/clearlinux|library/groovy|library/gazebo|library/mongo|library/cassandra|library/redmine|library/ruby|library/hylang|library/geonetwork|library/memcached|fission/fission-ui|library/php|library/drupal|library/redis|fission/python-env|library/celery|library/java|library/haproxy|fission/dotnet20-env|library/arangodb|library/debian|library/rabbitmq|library/busybox|library/couchdb|library/swift|fission/binary-env|library/crux|library/jenkins|library/photon|library/rocket.chat|library/r-base|library/traefik|library/sentry|library/rakudo-star|library/ros|library/elasticsearch|library/chronograf|fission/go-env|library/ubuntu-debootstrap|library/orientdb|library/crate|library/haxe|library/julia|library/elixir|library/kibana|library/couchbase|library/owncloud|library/hello-seattle|library/consul|library/amazonlinux|library/jruby|library/known|library/joomla|library/clojure|library/thrift|fission/php-env|library/tomee|library/postgres|library/gradle|library/node|library/nextcloud|fission/fission-workflow-bundle|library/flink|library/httpd|library/sourcemage|library/opensuse|library/convertigo|library/solr|library/ubuntu|library/neo4j|library/tomcat|fission/go-builder|library/nginx|fission/fission-workflows-bundle|library/wordpress
sha256:5843a399d545981898c703d6983d66319a1afe3157f43c9252f4538679536ec1,22,2252821,1,0,library/groovy
sha256:bef1a3bdd1e2bfd48933b75c4cf9f8b1de67c0eb4aaff02e2a350a0bc6ac4141,664,15214572,1,1581,library/cassandra
sha256:ce6f92e021416deaa980b638ff82b87d63135882bbd42a95609135748e417f10,451,5726687,1,3400908,library/solr
sha256:f9d3141f3ad2ce78dc1ef90f0b6a892f1fe744332c788ec199f438a2021fb7ae,59,6502701,1,45,library/jruby
sha256:49e2d6393f32abb1de7c9395c04c822ceb2287383d5a90998f7bd8dbfd43d48c,1530,35035183,1,351539368,library/java
sha256:7b234cf83b224c2f0eb7ee3e7c0afb0c76ccdeb118a741a7ead15da8a3ce2e24,4147,132908639,1,22704,library/postgres
sha256:a131d6629cd78538b90df64da719e1466ebfc4fd6c2c8c6251e33ae1d674a6e3,0,277,1,72,fission/ruby-env
sha256:3e17c6eae66cd23c59751c8d8f5eaf7044e0611dc5cebb12b1273be07cdac242,21068,623576634,35,100094077,library/perl|library/buildpack-deps|library/golang|library/sonarqube|library/openjdk|library/logstash|library/gcc|library/kapacitor|library/maven|library/telegraf|library/jetty|library/spiped|library/kaazing-gateway|library/influxdb|library/rust|library/nuxeo|library/lightstreamer|library/odoo|library/xwiki|library/groovy|library/geonetwork|library/arangodb|library/debian|library/jenkins|library/elasticsearch|library/haxe|library/jruby|library/clojure|library/tomee|library/postgres|library/gradle|library/flink|library/convertigo|library/solr|library/tomcat
sha256:0302fbd564a1e3b36509bcceaafa7c1f6e787006856a08b971f4ddc5ee8a14b2,797,9712144,1,172,library/owncloud
sha256:7025772f9b601093d0f4d16474bab88bca8f180d1e3efcb47899fac48a62c86f,708,2648003,1,1402184,library/rails
sha256:abbc75b33f9a8043137b1897c321966c4e2f5301bd56f8698178ae6d4b195ce7,215,5633302,1,96186012,library/nextcloud
sha256:4d6e4e22dea8c8db8b5a8a021ce8e9885776276e7f5162037c5b219c3eb4d91b,248,3853780,1,37888500,library/rocket.chat
sha256:77980e5d0a6deb5b982795f18597f7e9ee7f9d08614cbc57528050b2a7977044,5286,90647800,7,2208595,library/sonarqube|library/openjdk|library/maven|library/nuxeo|library/jenkins|library/clojure|library/gradle
sha256:2d632232a4e3ca2f9bf1881378f881064c1488904e69e315cf329bc72f9b5f07,664,15214572,1,18409,library/cassandra
sha256:7e8ad983088a5cf03d5b6cbd5aa553e1621aa56a30e654c839e5296b37330fe2,10,252965,1,286995624,library/geonetwork
sha256:d2c6077a1eb75a9989871187dc8176fa1ea9bdf10d966807b1a10dd7cb8f34ea,822,38379511,1,379,library/haproxy
sha256:f1e1a95df8fb5f22f95cebc8fb5e4460bbae09d37685012657d252149418034c,13,519417,1,84,library/znc
sha256:cd1c9a33752997ff4b74c328810a927a478b0d314d06ea46a1034f2f58c57ce1,431,8676863,1,58880098,library/rethinkdb
sha256:ca4fd7aad2937d0270a475cd60b8c48a492da3815b148d5c0fc04eac180910b0,187,9730298,1,49487263,library/perl
sha256:2b02b646409973384d5f734c65816e69af4f37e842d90025f79dc6a9fae21217,2218,69159722,4,1346,library/backdrop|library/piwik|library/joomla|library/wordpress
sha256:ad6feb8c6a6b3214858371c820e57b12209007e3b699eca959ddbdf972800394,195,931818,1,4870360,library/celery
sha256:4afb63d829be7a0da4eccb5f7e0b727445deac0d622adb61c25704bb77d60417,122,1116420,1,55243444,library/php-zendserver
sha256:b359dbcfde6d888576d344b1b8210c22be238a011c5be2fc5f7a7832f2b905aa,18,184063,1,341729815,library/crux
sha256:eacc8c9d5c91388b630a37ad3c2cb5958da3f4f8218bb668bab41adfec6ee049,2,105055,1,172,library/known
sha256:29d349b94d409c4eca76b2f8a7dc64d8330a3d32c9d793d76331bc64dc149d68,5,653980,1,1640916,library/haxe
sha256:292dc7d11213c3dc4931a1b3d4ab76d9f50531b8ed0f55eae24b0082445a915f,126,753481,1,6366,library/composer
sha256:8c4cc15d0add0238c2aa40ffd08d4b68cf802ac58e981005970477d9ea05e8b6,1593,31405143,3,121457,library/xwiki|library/geonetwork|library/tomcat
sha256:7821ca8e19c636ac205f8352913a971f3b2bb996433851ef73f10daaa571a7e9,106,13302860,1,3638,library/telegraf
sha256:3b9a16af832c63f7a0cd58ee080c12649e767cbaa85df12cd40f1bae7e05d383,0,107,1,0,fission/dotnet20-env
sha256:a7258c5bb78612fb3071976c87ea793aebd3e501400dea482294bbbd27404782,44,413538,1,38435106,library/storm
sha256:6f58b77742bbdd0cb6c0e324a790d9f9024d96c0be77eff45831f682b00f248d,0,2830,1,5335266,fission/binary-env
sha256:9bed6539a610459e96412d74e8258a2f43b268c9467a56d6eb7bcd3ad2f7a5c2,797,9712144,1,175,library/owncloud
sha256:fc199c39f5bb5745cf39f6e26f607c967333b52dfd87555168fb0189e95f61f0,853,108021186,1,3016863,library/memcached
sha256:53e6d117db6decb53c2b99c871b0c06cc650b4343fddb17db8d2f29ef6483612,0,147,1,0,fission/php-env
sha256:f1c50d13270ba153598c0ff837674b8152dcbf3e24059ae96924190c17ff4df5,383,8360798,1,153017994,library/sentry
sha256:457ec74054f2550166055dc178a9ff024d2dc85e3a34f6fe1a86c9c56db96e29,2218,69159722,4,13798358,library/backdrop|library/piwik|library/joomla|library/wordpress
sha256:ada810c79ed783e6b4be631c1478579fee59e3e9a8c616a4072dfd1f4f6edce5,195,931818,1,8108588,library/celery
sha256:8317d923ead7b4b1b18e90d48e63af9ffcd4897b7c35a1d078c5d7540cb0a2c2,12,424335,1,482019320,library/plone
sha256:ed27b3da4b1acc915d6544ea5e5313bf004db075e0923e102fe9d13ce406d8a5,44,1071995,1,34279,library/chronograf
sha256:ff7fc756f911cee68739ec54b6b734ed4126ed068703d6e5125f9d2ab4952549,192,1362984,1,3702080,library/clojure
sha256:202a45aa091cf861e5386d46a4b55c0015df3135850c8a920cb7615e6e10dda0,592,4527109,1,63926652,library/django
sha256:d966ffebfff64c442063ac0b673c38a4252803035fc4d743411976da09dcf1b4,0,24741,1,548,fission/node-env
sha256:71b9a8534421886ee0dd772ddbfa8ecef32debe26a7837472f9f3c8b0de5cdca,126,9446773,1,307,library/kong
sha256:019300c8a437a2d60248f27c206795930626dfe7ddc0323d734143bd5eb131a6,1,5041,2,0,fission/python-env|fission/binary-env
sha256:6bad2084bf7635a22a4645ac45fa746c026869c980ce61650b991fab3a3579bd,12,424335,1,173097,library/plone
sha256:dde1818898036e05904603bebe041de5069e7c6a61652955574b0fa926ca27f8,17,283938,1,71013930,library/lightstreamer
sha256:485f33c00542162a666a0155de17643bf062d3c507b4d86c9e68906ac4e3eb6e,42,2116902,1,41468935,library/tomee
sha256:46197b940d0b561e5de99f77e70511382bba85d16e0dcf4a2ec57bb2c66ce26e,4668,117861127,1,53448819,library/node
sha256:04ae86ba9e8e634e9631e8b37fb5f66bfb1c4831e3c0b178665150470429ca89,383,8360798,1,202782965,library/sentry
sha256:2d7081f40b3d7c2098958fbaaa78c058bc2fd81d69844429ee98ed44465be3e7,0,147,1,0,fission/php-env
sha256:11322fddcb26d8f90dc1865e1a88b1d74046bd7623a6ccc30ec550cbfcbf85e9,848,18945587,2,126012,library/ghost|library/mongo-express
sha256:f7e997984e865e5dc9a44099240240b68e5315cfe2fa33fe0536c4a69bb384a9,40,1613175,1,150,library/neurodebian
sha256:864c9d34dea6f52eba14e33c5ded4d915f9d7bda3ea5b26ba201fc0dd65c6903,422,8448602,1,30,library/drupal
sha256:b4bb9af8b38b802b3b4cbbb4f76b8937321c366828ef5458045729b3c09d2c36,383,8360798,1,1946,library/sentry
sha256:0f72c7085f127f88af1983832f57e719aa4bbbe56bcf890665ceb20ce138bde8,188,664236,1,1688944,library/r-base
sha256:e954bb912581528c2826e501cfab2fe7e161d4245b635a94a20537107952cf36,31,508964,1,25740,library/gazebo
sha256:9351993374c07a38b2827cfb6b82f0cd3d1385a86033eda20a4765f1be2218ab,4147,132908639,1,0,library/postgres
sha256:2666a395abf3294d9aa5874b4f9209826c359b44ebd6d73cbd7cddfb222b97f0,44,413538,1,95775800,library/storm
sha256:4e48f6ef8abe6940d672d5b339e2b83d196e496b3877d893cf98b5230c750255,103,1730672,1,2779794,library/piwik
sha256:5b26cafa72d5c36eb885c0fa4d359dac87ce0ecbb1f8c8dbf8d7f17b4a7385c6,99,633269,1,61,library/glassfish
sha256:6d827a3ef358f4fa21ef8251f95492e667da826653fd43641cef5a877dc03a70,122,4889685,1,123393418,library/iojs
sha256:98b76eda0d209e3b6318a1ba63735790bcd3f70bf810d1104e97e5eb4aec5870,133,12425326,1,6526080,library/nats
sha256:894beaf76b0fc01c162c961ccce586b5eb9f862f70cc01666ca1949739a4dc20,398,7864277,1,4377139,library/neo4j
sha256:a77ad8b123ae6db23b9d6d30eb5db0f66046cb8bc4172b266202f93971ee88ea,41,819055,1,2665350,library/adminer
sha256:3e3e437895c900bc6fcb4271c86ca14bb6e74759da3db1ac3903e728592233a5,1019,29919447,1,62,library/kibana
sha256:3fe7e2769053322e8267a61e49fae76dc321ee4d75d43880d79ebd41df2e044e,1600,52249333,1,5598,library/mariadb
sha256:1cf7d1cdf60ca6654bc2820dd83837ae6a4e973dc2adb33dd20b2e27740f2f9f,34,857855,1,5164,library/xwiki
sha256:616a2f4968fc5e04c868a2a3abe72ee40a0fb21fed4e80a5b01e098881a81cf2,797,9712144,1,587,library/owncloud
sha256:e4a85ce10f339abb6b4d6f5fbcb5e39d4a5460fe64b6efe6d38c0c5f22ad90f7,59,6502701,1,0,library/jruby
sha256:a69585cfe36bff4c8a38f5f8e60a1deacb6b1b162eca062c81b7602536fe4034,10,310690,1,5261597,library/spiped
sha256:27dc53f13a11bdd5a8c0406231db61e3bbcc80abd383c8d2aa025de18bc854f1,7062,220295813,3,330368,library/percona|library/mysql|library/mariadb
sha256:90f449559b6a425cce70d06616d8041aa0035a858b55eae7b35e7881d5bbd3a5,298,7781365,1,4477,library/percona
sha256:e1acb32764f5ba6e33bb12456bc052883be0fcdfbf2879df38bf082545916c34,254,5053027,1,333279426,library/couchbase
sha256:f18a20c3e928132c3c6e57ec60c71ea5e6cf7c211237e403e5678ff4e50d7e6b,0,4438,1,1035,fission/fluentd
sha256:c20de950ce5253aeea1d19e7edfca3d1738e872ab3a0cf6b182bf804e42a3fe8,5993,231028653,14,394418,library/logstash|library/jetty|library/kaazing-gateway|library/lightstreamer|library/xwiki|library/groovy|library/geonetwork|library/elasticsearch|library/jruby|library/tomee|library/flink|library/convertigo|library/solr|library/tomcat
sha256:50e3c1737e2c88657b9e376e7d22730b999c70718cc34a44606cd4bb55e4a6da,298,7781365,1,34,library/percona
sha256:aee0c172e58a6930dc4bbf1a55f0dc72824c668311d797a288f0c7c5bbc50489,7154,877924653,1,53115278,library/nginx
sha256:be339ca44883b1990e52771487402163d398a279755a501fdd8891ec71cf09d0,1592,45742741,1,4421,library/rabbitmq
sha256:a6dc1658c730c7a8278f1f69eecaa43cb356d161f0702603a5eddde6a7843140,80,631609,1,63512035,library/ubuntu-upstart
sha256:b54b43b9d04990ddb25cd7c91b1c51f2d8016adb5ecfe392a419d8772fa333da,4386,429934204,1,24060136,library/redis
sha256:13105ffb6312ea8a9e224272225d12b83762795fa8a4be2983f7dad11ecbb26d,0,147,1,0,fission/php-env
sha256:8cdba7bea827d3ffa2817bea9910aa44231ad4b1848a93691d9fe02fc9e181c3,200,15579553,1,76553956,library/vault
sha256:d29ec730efe40f46a621a92f18c9e0f737185966fe9508d177f4670babd6f295,41,616884,1,0,library/cirros
sha256:de73365d900d99f118b7491b26cbe68b60715872a31038dbf950906ac07596e9,0,56,1,45322130,fission/fission-workflow-bundle
sha256:0e66df9d96aa92cd4a24fc084f2c1284f90829a935ec7b7861ec5f09a5ad36b9,27,689813,1,335001,library/nuxeo
sha256:488dbd8ed9a1e9c5e25ff5a0b8e4746d72316cd991435e297999c26b513626e2,70,205039,1,543889,library/hipache
sha256:a4fe32a0a00d916ed4d632aae71d35d9d0baa5e5910d6bd179a24071c35bedb0,1592,45742741,1,52,library/rabbitmq
sha256:268410abd9cfbc11b635f95ac458e4af7061aec128041149ce86063cfc8d0aa7,5993,231028653,14,87,library/logstash|library/jetty|library/kaazing-gateway|library/lightstreamer|library/xwiki|library/groovy|library/geonetwork|library/elasticsearch|library/jruby|library/tomee|library/flink|library/convertigo|library/solr|library/tomcat
sha256:e98f73de8f0d2ef292f58b004d67bc6e9ee779dcfaff7ebb3964649d4787b872,1530,35035183,1,55,library/java
sha256:e017d39e5ddafabb09122cc0f3b43a3de367406d78e284d0a736a448c6009fa9,0,147,1,37199584,fission/php-env
sha256:e4c455150cd428d6a805dcd0b37db265501c71b778ae23d0374649d5968419a5,131,1320554,1,25672,library/ros
sha256:7b9457ec39de00bc70af1c9631b9ae6ede5a3ab715e6492c0a2641868ec1deda,99,633269,1,44302584,library/glassfish
sha256:c1d1736737e7ea666709bec11741051fbba7c8f896d17570c82c978413cb3312,0,277,1,45,fission/ruby-env
sha256:90f4dba627d65ea3223761bcfe54e726337a919fe98117ef107914f91be657c9,0,147,1,4811104,fission/php-env
sha256:6984a38d49f1bb081e2cbd9cc26c84dcec114b5f43496418e49c6dd3686ab8be,122,1116420,1,760648673,library/php-zendserver
sha256:4fcc22d7b2a11189fcb70a5032798d7a3afd74c64ab638916b20a19995c79554,80,631609,1,2528,library/ubuntu-upstart
sha256:5286a54439b679af25211745eb080f4bde893da83eb3dc10a89e8985d2b1a9d1,192,1385872,1,6819,library/mongo-express
sha256:21ab89d380eb560ef6f04376c1fa61c0ed332596b8c729d25f50ca0987918950,479,5892596,1,330382,library/redmine
sha256:a5da109775b6efc0e75a6369fb321227703ca8fd1cf6c929be206fe65b6a2106,152,3815622,1,155353,library/joomla
sha256:101287034a68065c6e3c90f93de294c5260f6e7f847d4c7f49b64bcef9b23803,126,753481,1,74319406,library/composer
sha256:1e1c3e99deb16670b1fab55fc951da6e5a4c0f74f1e5cb288e7c7ff87f7417e9,80,631609,1,2132,library/ubuntu-upstart
sha256:ac6c2b9a0214c5a2e9a474a64cb4d2250e8bf6c8fbcb49867cc05c19e3498a82,451,5726687,1,11694,library/solr
sha256:41ebeca472062d1820cb75d48eb6f933275b82c3bd1ced9b72b43aa553728936,41,819055,1,717567,library/adminer
sha256:afb684ad7765258b3876f3ee6f96244f254b12c72f6bcfd97af3bd02f7912935,708,2648003,1,45,library/rails
sha256:f2c9a47515f4d38c1c17fcff3b02d3d4171cadb16752bd359ae2ec4fcd48b1fc,99,633269,1,1584235,library/glassfish
sha256:f0be3084efe90c704df85e3bff8df5d858e1ff546511c8306d80de561cc18fb5,70,205039,1,0,library/hipache
sha256:ccf222e84d310764af26d5d0fc9a4b3b33b90174c8213094adfb16c130764ecd,27,689813,1,414920902,library/nuxeo
sha256:a622b92271e252a13d2093b18bf3a00934d5a6df876a5e1ef25b649e517f4f86,152,3815622,1,60660,library/joomla
sha256:2c65d8fafa8c7c31b64f060f7b90e736320d09c2248c90c896f7d4f955561069,34,857855,1,5180,library/xwiki
sha256:c52852c289dfc6c56e38b2005926b6ac599588e84cc32cc2a4bbd01e0e94e16f,103,1730672,1,45652168,library/piwik
sha256:64fe2be44a590dda30db3f7bc8a86e259348dafad850d4cffa85cd31b936f2e9,197,2413181,2,6942143,library/ibmjava|library/websphere-liberty
sha256:401794e273fc663a453c99699dac8b5410d81fbc805d565287da4ac09265a0f8,86,1104341,1,78277851,library/aerospike
sha256:66ad28fb2271231fdbbb59ef9e14ca8db6c2362f5b285fd1b50b10c548b63583,479,5892596,1,11137193,library/redmine
sha256:eb19943982ffb474b6006e4dc7644e7f02a577a564e7279a1bb4a64e5faad1f2,70,205039,1,0,library/hipache
sha256:a14b3aec49b8b42f6aff61d26f60688ea96e7ecfac29bb75d44a650eb231c668,21,1165480,1,1755951,library/flink
sha256:2457127f50c413a4f1b5b8498c012f7746d0b5b8f10f1dea9b8ae40fbb058513,27,689813,1,612006738,library/nuxeo
sha256:f48c8684b7bfea895ea6b228d496cbe5464863e2fe275d074c990bc074f40dfa,3770,133780137,1,67,library/mongo
sha256:b5ed0943e7032ad37fab5f480031676f35f21c7cda8fcb72fc7d47bca63cb733,398,7864277,1,0,library/neo4j
sha256:d1d70d5c438ab97b1d8c758af798c83790ff49666d9f232d24702eeed816ab51,87,2886403,1,123,library/crate
sha256:7eff485324c9ebdabad79c6b165e2511f223d330a44fc31df8e7f872d3ed95f3,0,217,1,0,fission/dotnet-env
sha256:36f52b0e590d9a8eb70aa5c4dff7b8471988af70500e267abc828c7c30898ca7,2,90249,1,1856,library/hola-mundo
sha256:6a6524558b299874707a280d8228091d80b37fe41c8ff316cf93d5c74ea9f278,103,1730672,1,142,library/piwik
sha256:b7e2921dec887acf8814e79f85ea066e802d86b8a7ee95001ef811b0ac606098,55,1977859,1,134,library/kapacitor
sha256:67246ad3763ed7c4fd0334d081a1a5da80b291f9a5c173e7cfb363c60c4c9b0f,188,664236,1,491230496,library/r-base
sha256:9de06a08ec25fd05f6604d686b38122e6f1a763e6e5f9567937bf77f20eff653,195,931818,1,335105,library/celery
sha256:09d530b09c54826b84a2fce25aeb833913f9f5363c8acb1f04988b73e20c0b66,298,7781365,1,45,library/percona
sha256:ffe5b3ca6273ac733d2e724d90c08be4e3a68f545d8f33e093265f212f7282b4,254,5053027,1,425,library/couchbase
sha256:bfbe234acae11f73bd5e196716a0a637462a738748b94c017c76c6d9291d28cf,152,3815622,1,7887196,library/joomla
sha256:d623a24f11b4bda8413c82f167e6c1dbb002ec90279109aeb45a0bc19d1243b2,479,5892596,1,45,library/redmine
sha256:0ba82679ed3b8ea8df706a406b36e2f7356ae31318ad9024777424858ac3e7c6,1583,31152178,2,0,library/xwiki|library/tomcat
sha256:b16604c0a3d20fe72358ef58b839b27693e13e29c64d4d4d5db0d8c84b4d959c,215,5633302,1,0,library/nextcloud
sha256:2dc05eccb0db9218096bdcb78c01eabcf1a4acfee351af72537c565d6ff2237a,431,8676863,1,3866,library/rethinkdb
sha256:22df799d987dea2ec7d9a60f95888744ee1fb2770ed1727372db64438b964cd5,664,15214572,1,85,library/cassandra
sha256:16a14b2bf417a5c3900a6dcd789cefa89f52f8c48fde065f41da0872a6723b98,10,310690,1,328558,library/spiped
sha256:df49ec9efa1fa0bd59cc29b2b48283ca583cab19a50d590f64a8dc3c73c914c4,59,6502701,1,33114699,library/jruby
sha256:70b2639141e1d1c275bb30d7a412adeba434dca2e1d3b6d5b7e51c0e9e9b3c59,2218,69159722,4,6381,library/backdrop|library/piwik|library/joomla|library/wordpress
sha256:952ccf6df1e6f0fb14387bdcee179c6a75bf79c58d6fc591bb9e70e68d6a3f3a,122,1116420,1,2066913,library/php-zendserver
sha256:4b7c3cf93ccd1f048701b8fc88ba6cc180b0cc8d248806ad53dd31d5d60585f5,21,1165480,1,78154,library/flink
sha256:09681f714a7bf2a3c7453539930f6b768c3733a18457685857ab6a8be93176d4,5993,231028653,14,406036601,library/logstash|library/jetty|library/kaazing-gateway|library/lightstreamer|library/xwiki|library/groovy|library/geonetwork|library/elasticsearch|library/jruby|library/tomee|library/flink|library/convertigo|library/solr|library/tomcat
sha256:b6be6831b3b31f15fceaab66be3b66f5e044fdb14baed3d3756eeae963efc18b,215,5633302,1,2173,library/nextcloud
sha256:38d6884234558835c2b01deca20f22e961be0093d11d7930b2d65aa1a848b1ae,1,586,1,0,fission/go-env
sha256:6a367a82d0b76d703af0b06ebd3cb6532e20fa2c6f2d6dbbc4629d4c91c41d11,3770,133780137,1,3787306,library/mongo
sha256:bcb9666e777b313291fd8601a2576e1bc4b802d30ea81060dd9cd9550b1093f3,797,9712144,1,3642674,library/owncloud
sha256:411b4b65b97b3c9c34f450e1a05b2186b6f06f43d7363eef7e3c1045cfd11b33,34,857855,1,33,library/xwiki
sha256:993f3e17812187a1c553bf0084c60b41cda20a6acf734d2a2d28c97d70151d3b,537,89003891,1,3773,library/consul
sha256:55ecb760d0c6f126ab0eb21ae847b59d4391a27cf9688a2b62b7178a41dae1c2,13,519417,1,153,library/znc
sha256:62966ca13a7f945b04ce03a5829f195f032c0a0d0757c0a6b0126670cb4fe164,637,14081904,2,47502049,library/drupal|library/nextcloud
sha256:a85a015301f2ff324283a0a76415b7eae76b767fb53a7f2bc15e9333e8a9bd29,2505,98379054,1,1220,library/elasticsearch
sha256:489f1299f3aa15ee2a783d633e8d6c062072d59f393e177716253c5f0787384b,0,149,1,2478,fission/go-builder
sha256:6edf3e7292afc51fcedf32a49630878d6d03747169ed247fdfce403f1823b93d,6,127168,1,722544880,library/sourcemage
sha256:abbf314e12223dfd363f7f750759988aab5a41cb9ab2790fea669b50b09c2ba9,259,4550466,1,4824,library/zookeeper
sha256:d1838499bd8f5b0b128cb251a4989adb30f592e2c64ba4e0e906b5f6de381c3b,4147,132908639,1,3039648,library/postgres
sha256:011f98a84808c6b7253e51cceb2e99e8aa017d8095fe816cfc4c8adecfe59770,1306,305360047,1,44157357,library/httpd
sha256:3690ec4760f95690944da86dc4496148a63d85c9e3100669a318110092f6862f,0,86381,3,4802964,fission/fetcher|fission/fission-bundle|fission/alpinecurl
sha256:a9437b755cfdef8777dec2899b11f6477336eced93218f27dbb07a00678d241c,215,621425,1,923356273,library/haskell
sha256:66e22dddbf921907e82e3dbea870be475c0d58274774f04af85407e06ae4c6ba,6470,143151784,9,200178144,library/backdrop|library/piwik|library/php|library/drupal|library/owncloud|library/known|library/joomla|library/nextcloud|library/wordpress
sha256:a67da81c75392c43da0a6e29b4fc8beb7a673da0489b1f583f1e14f10e32d674,2505,98379054,1,1286885,library/elasticsearch
sha256:0a0ab472f4979d774db018f3fdf4aeb0a3e8cc492a095713b4949b767f53a638,0,2830,1,0,fission/binary-env
sha256:6e753bb2ec6763bd6c1b08b811ddca7327ded09593b37abd28e72898742f3f6b,70,1779391,1,97088344,library/orientdb
sha256:6c3997f7755d0a14fa5799994230d5dff0fbc4c72af1a8820f4c2c2809f1e464,122,1116420,1,72,library/php-zendserver
sha256:30a2ef0d1820bff9d9fb3215c279ca13413d2cb602cf97e422d5bb1e63e782ed,479,5892596,1,1286720,library/redmine
sha256:4272429a23967845ffde95e8520fedb48ba02202b1a4e0d5b224c62173a32f65,3195,39008764,1,70620203,library/jenkins
sha256:febfd6158baf19a844429b651d85f5b7d34277e14f58709674c7b03b781d866a,54,518228,1,37949,library/bonita
sha256:d598077bce932d3d8cc8a25d1eb9ebecc3fb4dd47678fefdcdfd8590481524bf,102,2379533,1,5457,library/arangodb
sha256:91d36c3cd9de7756e84a0f01d89062c33e2cc5369890cb3ae9ee8667b4bdfc51,41,819055,1,35651772,library/adminer
sha256:11f7af24ed9cf47597dd6cf9963bb3e9109c963f0135e869a9e9b4999fdc12a3,1530,35035183,1,87,library/java
sha256:0572d02f512dc21f5ee3ae2abd04f032ce789be07dfffeb10cbf2dd9f86d5b23,1030,78444625,1,62,library/logstash
sha256:51ae4685a0b54a3f3e4bea7e2acba998bd2939a40ce0b82e48c5db87ca26eb0f,479,5892596,1,30749377,library/redmine
sha256:df2ec815d4f4867e25513341a94063446b820b66761ed1a6e973c0f524537cd3,10,310690,1,22258208,library/spiped
sha256:49a1926474c8c2e55b50a158841e1a11dfbbfa036015dcd3a0ca993cd8d7e9af,664,15214572,1,91119,library/cassandra
sha256:f70cdaa9f3fb1d3c905a7bc608a6ad75ac66fc86bcd5d3ce34ddf359ffd85cb1,1,586,1,10015864,fission/go-env
sha256:b4b4d94146251f145974040089fc4daf7d1f9481cdba3b83a4dc35983f7c695e,10,252965,1,184,library/geonetwork
sha256:ff18e19c2db42055e6f34323700737bde3c819b413997cddace2c1b7180d7efd,99,633269,1,122591409,library/glassfish
sha256:193466d9d72852582271d7f0ac7e3490d3a299f086157c5d9d208d706193abc9,3770,133780137,1,1162,library/mongo
sha256:c65c4cb3c7fa55459f81a0a113d1e2867a10251ca868fc3dc63c0491023317fb,388,3350319,1,228998262,library/oraclelinux
sha256:0971092ed436468adb8a30ae8af451c129b4d74ffeba0d2ca084438fce04b37b,3195,39008764,1,1227,library/jenkins
sha256:fba4dc94124701bb9e8e6648e67e4c98959278ef1cc0ee9c8e3546f8f3e8832b,400,2085341,1,1028,library/odoo
sha256:f58f4ce28c4fa5c760097911f724bde013182554de989f2837fe4dbb626c49aa,1019,29919447,1,18728,library/kibana
sha256:9a0d107e14672c666fb9a6e0bdf71830fe5d2e99cd6c4458cef21bc10567b058,2,105055,1,3459,library/known
sha256:006d0646143d9e3b376dcba2473801d435ddec7a19f2197bb006334c4172f486,126,753481,1,12207960,library/composer
sha256:9de95d9b199a1f1b2012f0c5b8e0752595078bf8fd9762d440dcae56ca4aa437,21,1165480,1,2698973,library/flink
sha256:5ed43ccd4d097ce9546d434332d4538b7c9959a2308bec8ffcd9261e739c1be3,0,4438,1,57578258,fission/fluentd
sha256:095c8ae4182d531daaaab1ba53752c6ced9fe2b285e113c8f6ace3482fe35e14,7062,220295813,3,4515304,library/percona|library/mysql|library/mariadb
sha256:a156217f3fa434b4821b01f0d24be50ead40560053fb5b65982f52507f55bc12,14096,437455012,30,8106669,library/perl|library/buildpack-deps|library/golang|library/sonarqube|library/openjdk|library/logstash|library/gcc|library/kapacitor|library/maven|library/telegraf|library/jetty|library/kaazing-gateway|library/influxdb|library/rust|library/nuxeo|library/lightstreamer|library/xwiki|library/groovy|library/geonetwork|library/jenkins|library/elasticsearch|library/haxe|library/jruby|library/clojure|library/tomee|library/gradle|library/flink|library/convertigo|library/solr|library/tomcat
sha256:7ddbb72d28c80d87c7eb84a8da3bb522b19707fafd931d0aaf9f604c15d65c0b,259,4550466,1,3605617,library/zookeeper
sha256:a5c0d699121a265be8f83f571df350beceed5cdd429ed40c5ea76f726aae0f3e,0,24741,1,0,fission/node-env
sha256:d642fb07a7c5ec1d5a540b367648f2f1a740525848536200982f6ab3e11229c3,2505,98379054,1,424,library/elasticsearch
sha256:dafb837b81001c704098efb35fe643567de4649241a8f76973dc463c06292d86,400,2085341,1,816,library/odoo
sha256:da0ee05a1a1d903a646049aacfee5e1088cb7ad8c2cce3948c269383bf979747,80,631609,1,24713,library/ubuntu-upstart
sha256:25224cf995530f4cefdb6adfd1f03cb921018cc1f504ab2d98ae3573cc0332e5,131,1320554,1,635825063,library/ros
sha256:5d2dc01312f3714eed4630a1317629f9131f307b3fc6d83506444d3eeebc0e41,0,149,1,122600914,fission/go-builder
sha256:386d4eddd8337d7aa0749fcff0dbdcfcc09c7a9baef0413f7ee2eafc63a9d056,1718,157009933,1,155,library/registry
sha256:93f22a97b69617fbe7141a2bce6510c10dacc5a41e292d403ca990adc6974b79,34,857855,1,57430,library/xwiki
sha256:17252f867f84c8131538e0b888cec371fda1ec74c26cd9603eb465d0eec6ff2e,254,5053027,1,66,library/couchbase
sha256:bf07d1b0cd91768ba7797e5a5c303aa331fbd3d3ff8aaa2a45057c71322512a7,58,1491086,1,30,library/eclipse-mosquitto
sha256:f196a6b8ec999d71348d56370b205001682eb857dce85d5427d87ef976937225,1543,61134201,1,298248071,library/golang
sha256:638c4c5f80c0766bd3b34ad11be5379b4b5a923d40bb2bf2cfba182c5aa909bb,1718,157009933,1,5676733,library/registry
sha256:225d0261262cc13e13f2c7200866cfa25e68576c37f03e06a97f16a14087dccd,122,1116420,1,25830,library/php-zendserver
sha256:170e558760e8b2e484a022b7d7272cf284fc4e1936ba7a0a671fc586440ad272,7353,310161300,8,0,library/ibmjava|library/aerospike|library/websphere-liberty|library/bonita|library/gazebo|library/swift|library/ros|library/ubuntu
sha256:f791d89b78b72ae4e3da2696ad3b728b439b882c518e211024ae3f291fb90312,240,3794210,1,360373086,library/mono
sha256:bf3eef0c38ae95b691878e55e547a383cdfa9d69cd860aa1f8052ea6ca1f3a16,87,2886403,1,4837,library/crate
sha256:bd62310e63c53fc23bdb2303d516eed41bb2bc8591b17555f623d30f2a8a720f,99,633269,1,130777277,library/glassfish
sha256:d7929a798ff73033b76605cc07544c01802cec62c9d5fa92247c93d91373ac24,163,4748830,1,689318,library/couchdb
sha256:955ceced63c4de82f12972d359201b8849bcc970772b1d3550f420ccf6cb981f,54,518228,1,3440,library/bonita
sha256:12c314d67f5e43fbcc4a5cd4094c703b82b92d5436ddeea374415d266b20dd93,479,5892596,1,35152907,library/redmine
sha256:c1dfd7e8047d25838677435e35673a91621f4f3b75c90268ab3b2470393c7acd,0,277,1,68695948,fission/ruby-env
sha256:1195449c2525cb65841b0f4fb70d129a4b2544766ad614814d38acf25f01d806,1019,29919447,1,209794997,library/kibana
sha256:47701c5fb8ab5522c5656ac6d9785d7d7e3384bc953e7faf61c6ffa1d5ef1982,338,21987999,1,3824,library/influxdb
sha256:d13d02fa248db2b423d6dbc8ec435675d23122f3939b5278b2156b75258e2259,8816,576533993,6,79145385,library/mono|library/plone|library/fsharp|library/mongo|library/redis|library/sentry
sha256:91876f49d5c14609491ef05163db65e910643405a74690b62cf05fd4d027cc33,152,3815622,1,190161,library/joomla
sha256:d5dea4ec9613be9b4fb457ff4ca75c306296ec520fe5215fda277755bb0ce7c3,3195,39008764,1,328,library/jenkins
sha256:4cd11a92efe4c51963e26e8d479e3d9a29c7b618b339ad8e2c340b93de38a8b8,41,819055,1,587,library/adminer
sha256:8db70bf677ac60c26a16b29d0128b6b991ce9f80e71a3178a4ad7f8fddc813d2,479,5892596,1,4316,library/redmine
sha256:f2bd803179890909fcae186044c0e6ca1bc1d34e5fc05ef1ccea823e7be97540,1592,45742741,1,332992,library/rabbitmq
sha256:3a8ad2440289b65a4e89b3e3457b3cb6f11472a507ef10a5c796567c5f5cea20,4147,132908639,1,0,library/postgres
sha256:7d3fcb72d730330dcff3f8a6e007bef7ae96d242f0e562711df9195997e98aa9,0,147,1,192886416,fission/php-env
sha256:569f2a1287b1c19d0d82a22623aae6ef30a68be98f06bda1c8bd209d1d70d827,2,105055,1,587,library/known
sha256:480d57c7bf4db097694bef53ce2ca20031bfebca0c23905dfdbf73cf20e65f4d,41,616884,1,7733076,library/cirros
sha256:6fe41f107f58165c07f15e1f7651d2175a515a463636381950b753115ac7921a,10,252965,1,0,library/geonetwork
sha256:5b0f327be733e58fbaea986eb671ed2eab9bc4a88bda1a7a284209e068d88dc9,397,79475243,1,1840,library/hello-world
sha256:5bc7c544ee876f8b8040c1c5ce81ff37b5733d24d2e8731eadf95dfc493137e4,1,586,1,10021878,fission/go-env
sha256:1571d7170291ace31aaefd471d6c57afb27a552307f1f584c7d79f141c2081c6,4147,132908639,1,0,library/postgres
sha256:e4027f82c922dca97e252a6b377e66bbef439abdf3718124a7bb589854a742d2,41,616884,1,2289,library/cirros
sha256:02cd8ebb811f497edeadcc711d7992da987437e3cc5d1347a17e2303725fd74a,3,121827,1,2717536,library/convertigo
sha256:ad0bf7d4a14ae70b43612417a0d23a425c0de630d02d6bb97702485ef9527159,0,277,1,0,fission/ruby-env
sha256:9b49b594602c8d8a62d1095dcbf6d0a329c99914b0c2de5bf53ea545154a1afb,162,1875546,1,81095794,library/websphere-liberty
sha256:5f198b7079dc8a823d4ba40cb69c585a9360f084685b440ef30f6191bb04c83f,209,4367856,1,0,library/jetty
sha256:daf5021ead1c59c2632854bdf5497151fba71a16e6ba267ed69b87ce2242c011,187,9730298,1,0,library/perl
sha256:92800fb5d9c53d7b45b4aaa40bc7b6af25bb0a8b604407841bff9162f2d791ef,41,261619,1,2930,library/kaazing-gateway
sha256:21c96c3a5b54279cd1ba7d1a3b040f6b78c116f23485d1c544ce9f24cf431473,103,1730672,1,17776505,library/piwik
sha256:efc2a0f95518290310fc94bcae0e730e97b429358fa5330fa78d98bf1ded90ea,209,4367856,1,0,library/jetty
sha256:a001ca3ce5e7e517d0b32e937ff6715998567e22201239454c766c82fee9b76c,13,519417,1,75,library/znc
sha256:c76a1a06d36442283854b277110a464cf75abf772ad2206b46c8a0ebacb036ef,479,5892596,1,0,library/redmine
sha256:e348bc0ba6d11fa6cddbb52c999fc5de5c47a589b072a8684873d2a6d616e70c,122,4889685,1,34650067,library/iojs
sha256:8d43e5f5d27feb983909350fa3a008ebfb66436e172337cd543db358f5a01f1c,376,6169447,2,2753,library/php-zendserver|library/couchbase
sha256:5538b36d7c4bd126e66dd381acd03c2bcbb2d6880db300d5768a5b9fd4cd5e1a,248,3853780,1,138455,library/rocket.chat
sha256:6bc5623d46eeedca137ba7b692234af7c629329ca71736cd1eab0671b4e5d546,21,2417482,1,8650688,library/nats-streaming
sha256:cdf83984eeaa4a783b481da1385dcb3e8535648740ec832400c4fb37a463c23a,422,8448602,1,172,library/drupal
sha256:85dae9ff820c01e11b3ba11a457142205080c8f4fb8713f18dfba53971f11437,2258,49556633,2,62539647,library/python|library/hylang
sha256:3abe360f924466c54190b33903ede51140b9ab1fbd460b69b20bc6d61f51c987,70,1779391,1,1324846,library/orientdb
sha256:40280b975f14b6619ad4cdcc80cda45fa03fa487b8f15ee0a8c3bba37bd63e6b,203,10893326,1,164835191,library/amazonlinux
sha256:da4e69f33106a3131ce07d9ed4403593a7698be6dabd6cabd2c9c228599c8ce0,376,6169447,2,0,library/php-zendserver|library/couchbase
sha256:cb7312d97adf8785a30d546c1498476a64ef7436a7b0544ee2bea2131856209f,2,105055,1,13732647,library/known
sha256:da6c9df08ef46d99710c8b6bb65740c2da3133e6c243d2de7edfe4d209c527f6,1718,157009933,1,22788857,library/registry
sha256:7f04cdd72a0954f700d455fbb8ca63ab7149de698b6807a64c5a74ea8509c088,3,326236,1,23455221,library/rapidoid
sha256:4c28f139e99e5a8e33f62a1eac09e2b24809fe30d8a0e9e994c39683fc5edee7,31,508964,1,511301305,library/gazebo
sha256:0b99f45d383084761d4f8313fe075c9478be8894dedc7e434ebe8af856dc9166,2505,98379054,1,2532353,library/elasticsearch
sha256:833affcfc6e6f80ef0ddd5d44990e40681536f27165fcf2ddc161c96bcb972a7,248,3853780,1,3743545,library/rocket.chat
sha256:ee7e568878e68d6ecfb14909e543e88f7354c6f8b4f9ca3b4351a30946aa150e,1718,157009933,1,295,library/registry
sha256:0a9e436042b183ee6deaba8f2983fbfd6412bbfc7bf9ee36611693b79f355236,12,424335,1,6791,library/plone
sha256:cf840d8999f6fe46a162974c82378c38b3cf3dcccbbaff848c0fb199988aebe0,1592,45742741,1,11755339,library/rabbitmq
sha256:15a33158a1367c7c4103c89ae66e8f4fdec4ada6a39d4648cf254b32296d6668,0,25018,2,44577655,fission/node-env|fission/ruby-env
sha256:50a7203e2c6ec84a7b771364d7c1160222cb80e3f6897b85e92c160014d2047f,259,4550466,1,58624918,library/zookeeper
sha256:bb27200dc61da9bbbc3c0bd7140b8d777db3b8eb0757940f3d3359692be2bada,126,753481,1,1087,library/composer
sha256:0e5b6678fce027edd37aa94ddaf6c2c933d97f41f5668bdca70f7052ff25c384,22,259517,1,498234043,library/rust
sha256:412a2331eb04455721692765541a670f2ae3fbfbee499eb260d78dd87db6d30e,3195,39008764,1,5000,library/jenkins
sha256:e8e540aef22889c5f6b659824d1a7fdc10a656aaddd047c462df1bbea5eb7d2b,106,13302860,1,47490381,library/telegraf
sha256:1f7b7790100a445c3319af4166f10b07d9d41f4cb6d7a55f694d7f5f93a3aac6,3,121827,1,115825529,library/convertigo
sha256:6599cadaf950a71af51aa84b85e6cdb1990287b79f8e71a78f6986b318d4c4a0,70,205039,1,187769665,library/hipache
sha256:0564cf9d46036bf2be0a973288ded4e79134470e0a6e81aad9d6f10da5195471,110,159234,1,571646603,library/swift
sha256:ee41d6297b9a7653d238da5d85ba283f29287a9f333cf6f33b207a043b537d59,122,1116420,1,89,library/php-zendserver
sha256:44ae682c18a31909b5b2e1c0e95d4a05cdf032e983a0e8dc36cc329fc32b53cd,122,4889685,1,322890800,library/iojs
sha256:4f111692a5874ce9859050b16b85e181a6ccadf449e850fa65a2a49a72b0d77c,3,326236,1,87,library/rapidoid
sha256:919c5a17a974f2f5c750a95e6462c3ca669374b107c6449e650d7d088a238e8f,1030,78444625,1,7141,library/logstash
sha256:c3e9abab7491853eec2f218582ab833ca53b6ab1e5d1a40c4fe4dda2645370d3,0,217,1,4149186,fission/dotnet-env
sha256:1d598c6ca197b447d939d5c61e5e66a492eb9fd96b8435ea0c952b0f6779c4d9,359,6765176,2,2759458,library/erlang|library/elixir
sha256:036e2f2f868776d13c111ca1ec5e13596794268d7a8296832d7502da0560cf0c,637,14081904,2,6381,library/drupal|library/nextcloud
sha256:2e4d4911c6f202de83245b1c8fddeca7029a03c2a9ec58e4a2495a52a1b68a91,1600,52249333,1,114,library/mariadb
sha256:c7717a62d77f39a641afa4897499d15f043fcf23704083d29cc13c827718f2c0,10,344204,1,9591588,library/eggdrop
sha256:98172ee262e5fd9a7bcd3a9117a7cb5325cbaca63aa76a6a2aecc7cea9d3dcd7,59,6502701,1,1597478,library/jruby
sha256:6271445c007698a1dcd1c6e1ee9bc39de460a693205af69369e9372cb669ea29,10,344204,1,6305869,library/eggdrop
sha256:ef0380f84d05d3cdc5a5f660232d35ccb020ccf1d635b585580dea44691a13a7,195,931818,1,123419431,library/celery
sha256:98039a56a27a312c2c10df1d0bc390784bf3b2d90ad8f0dda43e4be012a09c8b,72,291527,1,58092347,library/thrift
sha256:ed007eda88f455cf66bbe880030e11dd227180d24176509b8634269a995c169d,4668,117861127,1,4158520,library/node
sha256:6a420196b3d30007fbba858e47f2a7d4c77ba4147f5d6f3b29bcc08a7c8d9d5d,395,8785133,2,6500086,library/plone|library/sentry
sha256:6bd433f1d282ca6ced1a8c185842c4b732eb638359055bae79b8bc7eb5101353,70,1779391,1,48734122,library/orientdb
sha256:7fefa054d734b24e3d305f6b9fd8edebebc82cdc7d66d3d28f223b3d3b15220d,1030,78444625,1,197018087,library/logstash
sha256:11576d4eee4ed2fa955c0904aa0d053284a88c0059da260b453d2622aeeef694,163,4748830,1,2075,library/couchdb
sha256:645764c146bc1bd3cb23f55956474128e4ec089927d0ccdf2f4291edba9e5f0c,209,4367856,1,9323008,library/jetty
sha256:395460e233f5bdcd910d618a3b615e0d881e09ad27d58f3065eef53ecae6a808,7353,310161300,8,2759,library/ibmjava|library/aerospike|library/websphere-liberty|library/bonita|library/gazebo|library/swift|library/ros|library/ubuntu
sha256:73b7333cfdbbbff73d54056716d953d37d83dfabb1d54ddc9000afae2ce017b1,42,1436705,1,212,library/bash
sha256:a8f3575e09a10212f7248a26786be287baf69814c615ae011754bd4dc2dcadc5,4147,132908639,1,3969,library/postgres
sha256:39e552a2b1f74a9985244528219d26fc1c27f1447a3d04e64b63bd70a4e68e2c,72,291527,1,85147189,library/thrift
sha256:34addc88f8fbf5b1cd800f259550118e54c46cdf92d5dec842879afb5b32e914,163,4748830,1,2873456,library/couchdb
sha256:a040dcbfdfdab9fa5db076623c3e2ff68e790e99a54b329ed2c623f67e0f51da,2505,98379054,1,741,library/elasticsearch
sha256:a452177934a6402fff25de9d5b84669d044439c4b2854e89f1658417105a7c97,797,9712144,1,104237592,library/owncloud
sha256:2e6ca6ef8dc091ad1ec6f10445c666fde7e15f0458f060bb4b17e56c734a38ef,240,3794210,1,1799,library/mono
sha256:07d19f6ec95e03d057539fbc5db3ac2c77aa822b47c6af9c824e4129e0ae87b6,22,398969,1,68287915,library/rakudo-star
sha256:7d27bd3d7fecb89d4028f4afa3ee866d2262c5105fc37f57aa82af918dc2f84c,122,4889685,1,122928427,library/iojs
sha256:26dc447798d0a18dd4b6c9c36288bb7c77a008286fecbd600c33124d27c0cea1,122,1116420,1,30,library/php-zendserver
sha256:c66e3cdfe12dafb32d2eea1ed1c0d980385fb2fbfa775b5f53ddda02aece49bc,86,1104341,1,902,library/aerospike
sha256:2e3b417372db9863cb82d3e8c7564d63074e2703556b99dcae6abb759b19be31,0,107,1,586788,fission/dotnet20-env
sha256:21c9afc36893e883815e6b4c372c6458b0eb3bd186d63852d886f43db1f783b0,1019,29919447,1,1286720,library/kibana
sha256:e8966bc5840907507a5f931e2e7632fe1c23a1455687cb87743af755e5408d6f,163,4748830,1,17279204,library/couchdb
sha256:6f01dc62e444044e3ce494269837ef0aedb80fef69c679416137f17812d2eb9c,7353,310161300,8,7,library/ibmjava|library/aerospike|library/websphere-liberty|library/bonita|library/gazebo|library/swift|library/ros|library/ubuntu
sha256:d54068e03b88b124823da0856d1edd6906157de299129c77031021ebe74df9b4,3770,133780137,1,271254869,library/mongo
sha256:2e9c411d967d40ebbf77ff29b95b6217434207d65ce4807887243a733cbae739,1030,78444625,1,311,library/logstash
sha256:bc63a768378cd4d8fe90bd14586c2d2452dd0e9ddec730142e1f7990fe8d80e7,34,857855,1,324711680,library/xwiki
sha256:3d91d9eebdc2a05cdca01cbdaf334e3c318a0a5dc7ef1c0be4d53bb87ac4ad0b,8,849847,1,31069099,library/backdrop
sha256:4725589eb95e8eafa54be53fdf7e3d960f81cc49ef5670a90baa93a988d707a7,17,89210,1,61759881,library/clearlinux
sha256:ae88195edd341062746edfa7b580c6d108f60cce859682bd33b15a59db728f75,54,518228,1,0,library/bonita
sha256:19be186d87ce0ea5ed3da5aa4f6ec4d22477362707752054471919b7e4cc2b85,1165,65252621,1,45,library/ruby
sha256:951c4cde97a83409181348c9a64380e398a33e50517d22dd382f65f70c9f6db6,0,147,1,5905,fission/php-env
sha256:b700e8d9a90ef5779cf3a3456c9a2f49c904982e11e4024d6edbb7efc4a92a3c,1593,31405143,3,1933084,library/xwiki|library/geonetwork|library/tomcat
sha256:ac55435099e318cad3ece464fdc64677a5328ece1bdab26eb30130b1e9bd5add,0,149,1,787814,fission/go-builder
sha256:d618e171c0bfb3cc91e9e45845f59e95e06ca6984be3b7ebfc394ea7e9f7a908,209,4367856,1,328777,library/jetty
sha256:1651370890f09fb284dc6b7f2bfa92ab970006bd7a4d3c384c024ec1b33840c9,131,1320554,1,11928543,library/ros
sha256:628abe8acdff55a3ccde1d3f445747eae9155f8ac7395f39db5aeda403d56899,10,344204,1,27954,library/eggdrop
sha256:19ce67b129528985892d5a7b1aeb8e7f47f4afa874a943ec8a4969ff65511d19,103,1730672,1,94,library/piwik
sha256:fbedbe030dcba217fa453e8a771c55eade5938e6e5a0f94593c78bb4e2731833,27,689813,1,2002,library/nuxeo
sha256:d18c3dfeca0027507d8f6e0baba5985b724625bc16ac7ec90fd4d5a653956668,492,14511966,1,327,library/maven
sha256:a4c4b2ff0c3a9803735983df12dbd1d5fecfac5c736c0a491d64c87cd39b7985,4147,132908639,1,34,library/postgres
sha256:bb9cdec9c7f337940f7d872274353b66e118412cbfd433c711361bcf7922aea4,1530,35035183,1,418514,library/java
sha256:eb8f201fcf6fbb0e471bb965182cef1e54ed6b83dded41ee54abe0e5c9f8324f,2,105055,1,12614,library/known
sha256:a7dd349b7c584f84cafb0f0d853b679db5c7333029bc4adc732f0f58ae3eb148,102,2379533,1,0,library/arangodb
sha256:f74330d0d1600c354f7804ca7e0e68cdf437e2c3a14adb8d23b353aadb5e263e,0,277,1,16835578,fission/ruby-env
sha256:7e2c4f81539825f4f478aa6f7a511b8a245e4a78decbed3eebc775c42e2bf870,163,4748830,1,81337486,library/couchdb
sha256:c3806c7dc94759932817c97054335b70de62bf50dd2d03c7941a6b228b99f6ab,254,5053027,1,33206771,library/couchbase
sha256:8d1ee698653216ec132fcc1d0398189d7e96eef883f343fa2bef03bf884b4c83,122,1116420,1,72,library/php-zendserver
sha256:b56ae66c29370df48e7377c8f9baa744a3958058a766793f821dadcb144a4647,4913,682015639,10,3965917,library/zookeeper|library/docker|library/eclipse-mosquitto|library/alpine|library/bash|library/vault|library/storm|library/orientdb|library/consul|library/neo4j
sha256:52034eb4cee7e4e74ca6a06ae466ebadc3f1512251308ae16b699da6db797569,13,519417,1,54887091,library/znc
sha256:a482fbcfe4075b3bf46ba44ce501ab9fa42067dd341003b450dca9569a25857f,0,450,1,23834161,fission/perl-env
sha256:2d6f458f74118538515e629985fa1cae19a134a326d3def89390ff4bd143e7fc,195,931818,1,70,library/celery
sha256:adf527e0bfddab02a9d0072a1c66e3a4330a1b3d25131f5cb962bf014ce119bb,10,252965,1,17809897,library/geonetwork
sha256:48c8022bf19053a464629e5e5ee040f71444161f60b165c9b6999c5ac0011d5a,0,1522,1,1246,fission/fission-ui
sha256:c1daf4ec470229e89e09352d3e077443c34118843c8dc8c02dddf8003a97c71a,3195,39008764,1,0,library/jenkins
sha256:a7e7fe792d2365e9e4bb7e342d52f37accc6486dbde48d357c44f1ec421ffd25,797,9712144,1,4620158,library/owncloud
sha256:1e39a32ae153d353b56532ba59557e2edb3a71b57c392d1d9e1f142c9011c2a0,192,1362984,1,13550555,library/clojure
sha256:f340301a2a0fd2ddb7dd16b2ea7e7319d473a865c7bc9f93aac4dfb5e9e3a665,99,633269,1,87,library/glassfish
sha256:5bf072cb80eb1275b97d0ec5c72df4eabf96f54e6fa6c1b5cd0c54aba5e23e9a,122,1116420,1,0,library/php-zendserver
sha256:e7dbdb2e68d401596f1abfb642e7f1c1076bddb9cdcba378e83a5eef24f6de6b,1600,52249333,1,119,library/mariadb
sha256:19d5959de62d26a799e9c290974ffc0bd1b05692ae4e2b86d0fc23c80175a5b1,422,8448602,1,5599870,library/drupal
sha256:cc3d47a45a0850849a925907d54b021df654bf9f69542e677162d60d661a9ace,431,8676863,1,0,library/rethinkdb
sha256:5458607a81d3430c59a97089416a3ef2d8788bdb7eba159b3c2508904d41b996,5286,90647800,7,87,library/sonarqube|library/openjdk|library/maven|library/nuxeo|library/jenkins|library/clojure|library/gradle
sha256:5951d54ec94fbfcf295fceebf52db6f36c6a40a26269cef0db7df9d908b1a121,1583,31152178,2,17748376,library/xwiki|library/tomcat
sha256:661393707836d5196874d18a5d89808079f01cb4376800584bfc1f7b33dd0852,8586,243831504,8,122863337,library/pypy|library/python|library/erlang|library/ruby|library/hylang|library/rakudo-star|library/elixir|library/node
sha256:4beb60f474b3d8df6f7f7981fd4ddbe1de9a9c16349a8ace617a54ad92f253cd,215,5633302,1,1915,library/nextcloud
sha256:f7726fda7efeb130ae36befad4bd86810218811b70531667453aa7fbed3c54fa,4147,132908639,1,328568,library/postgres
sha256:c1add9e514a9761bf2e8ac5fc2f1290f9666fec50bfb7bed8f8f921bdbc550d2,0,450,1,49487263,fission/perl-env
sha256:7a72f7ee71070e73c7ab432c484c7a9a11198b6538904323dfabaadf88eb8876,0,217,1,42924924,fission/dotnet-env
sha256:0a1ba0d0bbb3394dcb52e88d48ca2db35faff34c3be4202cb4971e6ef8a02265,41,819055,1,482,library/adminer
sha256:fa914e19f847ff797576f86406d104f7c627b22b036c3b9ff12169639e5bfce8,0,450,1,41260747,fission/perl-env
sha256:4cd9aef6a3634d1171b3b9c34e02895b127572c8d170d8b56d8936c22ee96c0f,398,7864277,1,88493394,library/neo4j
sha256:11d0a5e6017e605852d0482cab07557492c99f0c3df12933d17e1378b0311711,215,5633302,1,189,library/nextcloud
sha256:389f9436e431e262b395b2348f6266933830cfd69cbe41775e6e022e9c828167,3652,92953770,7,33,library/backdrop|library/piwik|library/drupal|library/owncloud|library/joomla|library/nextcloud|library/wordpress
sha256:f9657bfaf62a03f87773c47a7e29c3186dff2e38a55f66357447df42ceee5976,122,1116420,1,2281,library/php-zendserver
sha256:291992d75d10e99ca04dc57b4df35fa08ff7b6c755d5e1d1473839c98d851380,8,849847,1,2196,library/backdrop
sha256:fb1a82f325276b3dfeddbaa82bee50256cc0a2fe5f0b080c1aadae619192b141,0,149,1,138846923,fission/go-builder
sha256:16ca55ae832a8bf27b50d192cffd774bc3ec2a7f1f8d581f5fa7f36c15787157,192,1385872,1,26970533,library/mongo-express
sha256:cfaf1528d14469f19ae2f50be7d7c0514c4c896fe80b8dc21a58d86be6a2e961,637,14081904,2,587,library/drupal|library/nextcloud
sha256:384f69ebf7695db8db879261e1ca57db44f2ec2cc8961a59a162dfe43d02e95f,86,1104341,1,1526,library/aerospike
sha256:95d92888087e8d025028918fed3836924ffa3a8e2852b9a21ce5a6c66866de9a,3770,133780137,1,7681,library/mongo
sha256:0d1ebd1c594be5260b0d2b62397b66ce51f692ff4e6e902eeb8a0c724ff7f0c4,537,89003891,1,0,library/consul
sha256:d9696951b61c2be135d4ccdae9c73313657dcc2bdeabb75caa5424b5f6bbff85,162,1875546,1,244,library/websphere-liberty
sha256:f0e88c9a015ee6de63bac44c7bc1584a1552fd707aad92134af15a3d7655a262,254,5053027,1,329321,library/couchbase
sha256:a5b54dee0d1ff3dc8229df0d83eae18d061b5916c330bbc4d88f4734e2799468,652,6463293,1,1286885,library/sonarqube
sha256:d249b54cffed5dc3f80887d75845c812a93ef8a730364c1a59d1c8f5f84b745a,131,1320554,1,51,library/ros
sha256:08c0c39ec85a9bc8dca2067daca8db157f818cbcdb33ffb8371b7dc553e6d253,0,149,1,0,fission/go-builder
sha256:2ddf66848ef3ed072954f22531192fe8229f167960defa4b4e75963dd3eb4303,664,15214572,1,3103216,library/cassandra
sha256:5aac72d6286b0b155123e6e9b670105290a45b5f25fe799a0d9a1ce63d76c2b7,1019,29919447,1,334785,library/kibana
sha256:455d82df7cca2585a62eda7850197d14fcf7d277b2dd67bff6a6dd20c7c87860,243,25269445,1,45302560,library/traefik
sha256:52de432f084bc072024d55b0f483358b607d0cf46d7053e3b6aefc98beaf27bf,70,205039,1,1895,library/hipache
sha256:322e3a2205ab08a311cf16d0fd3146f02c81cd4d6e7c920184b13c84b7f410d2,0,107,1,0,fission/dotnet20-env
sha256:a909c4d4424907ce94990ad0be9ae7cfa13a6092e86e3c4c0dc6e574abdb81b2,1,2211,1,0,fission/python-env
sha256:e7d2f7b3e22fe15106d0e57f12907418d808c03aba33a85ae10d42f6f1571d7b,54,518228,1,87531778,library/bonita
sha256:df3f98d8c6e4d76a7f847e3babe544781c790781dee0ce3350ffebb8fe6789c8,21,1165480,1,0,library/flink
sha256:88286f41530e93dffd4b964e1db22ce4939fffa4a4c665dab8591fbab03d4926,0,334,3,3965955,fission/workflow-env|fission/fission-workflow-bundle|fission/fission-workflows-bundle
sha256:8d87a4865be9f6f9cbfb5f8869dccad743249267fdb3f564738cc2f3445b0d55,230,2254852,1,140143,library/gcc
sha256:d913fef86d8c294d246969df098025b42cef046e1c67a325e5094b232f8bfc92,209,4367856,1,5052,library/jetty
sha256:c3e19f087ed6e9f950779e85e7ee0198b25eb8063a98df13ad2a951f83ccdc3b,0,1522,1,22,fission/fission-ui
sha256:d16185ca875cfc73da65eb0621e3cb38544a728079f7b6aa3f9c0cc2eaf05ef2,40,1613175,1,3213,library/neurodebian
sha256:49ebdb804f84a88bb468056e5a261d71618001f31fe6508d3c57c96ce77c0602,44,1071995,1,198,library/chronograf
sha256:57d8fbf72ff869cf8d6c135135f89f96f54f0fc42e95bee36907e9c0f07aacbe,1,586,1,0,fission/go-env
sha256:6fbfa697ffc0287df331b0d2183ad8d275d65cbbf343f1da761fe17b6a57ca05,70,205039,1,159332243,library/hipache
sha256:edd38215a2fae624e391280d5d9edb6cdb993a0ee5f3acb2188819336f993e80,99,633269,1,1284857,library/glassfish
sha256:6864cffc3e58f61b340c26143bc44ac99ea90c0244baaf3996fec0828c72830e,27,689813,1,2196,library/nuxeo
sha256:40d33cf90904366187661579f12aeca2914a5dd35349c9b0f65171c2465c07cb,656,17559715,1,99982001,library/ghost
sha256:a1846f364e395a92181df2a4fb615848549e90fb27c271bda34c8eb787cf50af,4386,429934204,1,330368,library/redis
sha256:5b2b73dfb8d968aedfddccc72a53f499ac0e95d3c0490a219112b5e892d3850e,52,2211071,1,80838781,library/gradle
sha256:725e747b6a5165a6cda70d50325a032d8a69912344453a3e83570e25cce1245f,1955,62763581,1,6846,library/wordpress
sha256:6acafa3a5cc8368e875004fafd3ffd5077704b40f468dabdcc4849a17058a749,167,1572536,2,0,library/adminer|library/composer
sha256:fa93ed6b7a21cc6daa708e926196e1f5880a3ca4e4364c207b4b2036e4dfd5f1,17,283938,1,0,library/lightstreamer
sha256:bff1a33a03f76ec6c718970b869d96b864ce1085cf94e2534c8bb1ec4dd161d1,2218,69159722,4,587,library/backdrop|library/piwik|library/joomla|library/wordpress
sha256:85a79532b04141e25c6ad032b22f952d1c5a9093a38e087a14c1e4f6775c6e41,133,12425326,1,671,library/nats
sha256:1e2ba284c7daceb9db58462ea8d603854b36c4718cbf19d9959c72ae5393664e,701,12828281,3,77476561,library/zookeeper|library/storm|library/neo4j
sha256:f44dc7c129fe363ccac06134040592ae57125218629e5b7913aaef7e0c63e3db,0,450,1,141677921,fission/perl-env
sha256:76610ec20bf5892e24cebd4153c7668284aa1d1151b7c3b0c7d50c579aa5ce75,1530,35035183,1,122598256,library/java
sha256:6e376358dda54225c0f0b541d5a21b90304aeb47b891f90e84789d3183172d30,3,121827,1,8144246,library/convertigo
sha256:6c354a5104c6c8d5cf7dd420388507112a9e0dc670eef434061919e455ed6be1,70,205039,1,456,library/hipache
sha256:ce35cd9f9b5b917868095b3b074dd23d18e0e266f3ee68ff95e2c61467299812,1592,45742741,1,32,library/rabbitmq
sha256:4bd501fad6defc3af5638b82f7d760f0dc2f2c5f1bcd2cbfd59607b1631bc679,80,631609,1,1895,library/ubuntu-upstart
sha256:357ea8c3d80bc25792e010facfc98aee5972ebc47e290eb0d5aea3671a901cab,40,1613175,1,125120159,library/neurodebian
sha256:86149ff515a26477752748914449cf0afaab6a0beec7f40f113ad70fbd3c97b5,2258,49556633,2,32,library/python|library/hylang
sha256:468873f483213d139581b36fe392768dd388ad2bb666cc8f7e1f4b5860644176,1030,78444625,1,1286885,library/logstash
sha256:753b250e066dd76850ce43bc5991d3df80a6ea28f69624f27e01f7086bb19e52,0,147,1,14216,fission/php-env
sha256:61bcfb16bbd9c91bce4e97c72759c73e88437f3addcbcaccab673d778d012cdb,10,310690,1,176,library/spiped
sha256:16973915fa669c8a2c9c0bc4b906a976677f46dc7af3b2e48588e8a509b26dd3,0,277,1,15890202,fission/ruby-env
sha256:f957ac1b6e47d05250e85f6dfea14f5df9201ca1cc5f09db9fe27b47f47eff66,4668,117861127,1,335145,library/node
sha256:e299e66e1b91f639529b437a5d8dea096de70065151346fa2b1e8f45ea032476,537,89003891,1,47784636,library/consul
sha256:0bb5a4bbcce5a040eb83057f9e93d17663bb123f4e98168457444497f7d17b70,1592,45742741,1,43843144,library/rabbitmq
sha256:9c8e33992a25e3240a63d42b889b4d74546cf2337aba176d13127c3e4b026bd1,359,6765176,2,208790,library/erlang|library/elixir
sha256:82fc4577de57bb2401c7e13159631c574e1faf5347a57337df0c62432cbce62d,248,3853780,1,131226,library/rocket.chat
sha256:e54cb8dc432db6adb4e1c3b1fa70f067221bb6a1a1039b6d3a167784562b1a8f,87,923512,1,37102659,library/irssi
sha256:e793023fd1a11d73ceea3262aa5a7f7a700f8610be029f602d1cd4f166b67397,0,607913,1,1856,library/hello-seattle
sha256:5ad56d5fc14905886c560200ab69f905b5c5287eaf12f8f761a7ab54f7a61c1b,7353,310161300,8,745,library/ibmjava|library/aerospike|library/websphere-liberty|library/bonita|library/gazebo|library/swift|library/ros|library/ubuntu
sha256:fe4f02c2d55a18d17690fd1dd1963eeb9ff48b7052b0bc33d87933e3eb9e155d,479,5892596,1,19968,library/redmine
sha256:729ea35b870d89fe556e628075b41809b7e889d5858be4cffdd7ac98c2bee7ef,0,147,1,0,fission/php-env
sha256:df4fe3ed5e1b8253abee00cbe26aac87bc3237d413de4d7c15dc426f1ad27132,188,664236,1,75,library/r-base
sha256:79062b81359b0a3a3c5044cc645ffbe350b22be54c327b5da8d53fe8e0bd10f8,1,586,1,0,fission/go-env
sha256:c5e2fb2d87cf14b0e5968b7b40cd36663f45d6244a3bd37c1204d928026aa952,5993,231028653,14,33,library/logstash|library/jetty|library/kaazing-gateway|library/lightstreamer|library/xwiki|library/groovy|library/geonetwork|library/elasticsearch|library/jruby|library/tomee|library/flink|library/convertigo|library/solr|library/tomcat
sha256:bff640fabbfc16a597c90cc500c0fdd6b373903e78603f631140b276bf7e2cf0,87,2886403,1,0,library/crate
sha256:ef2fe7f6744733a69626ea57f7e157a72e21fd3c34d8e28810e5499900954d9b,87,2886403,1,195,library/crate
sha256:73729083bf6c97a21d7c753cc31a23e9cb3142f61200ba7c33a32333973e1be7,708,2648003,1,0,library/rails
sha256:742b7b91bbc4d6f93550964165f5bd952ad6e61bd4f1f9faa9d04d5c619a260e,451,5726687,1,11186,library/solr
sha256:362fcc72bd451be3175e1c5178e0cb60239dd3e12c3ddddabd7d8e8b956d0773,103,1730672,1,18615053,library/piwik
sha256:7e53dd0199828bd75d80dccbb026147f39bee535f9f444bf82312fce73379e75,5164,160265115,1,6032,library/mysql
sha256:848e328f19d4db278b1bb346e4edb88617851b95474222f869d3dd6396ebcc36,3,326236,1,150258605,library/rapidoid
sha256:160e0d28ea5b1d9e593e3d1d48a01b9a707de640750550139bd343f728212b80,114,3996978,1,100881187,library/pypy
sha256:8ee7777cdcf041e852c749cb8a5761b6ea7d9e843b0032d803be15243b23b0c8,41,261619,1,0,library/kaazing-gateway
sha256:6c7dda5571e4238483471a9191f0b7949164b58d175c07d6570efeea045279ae,80,631609,1,655,library/ubuntu-upstart
sha256:b0764f734926adf99431d28c08d05f1880235861054220744d3e0ea2de53ade5,103,1730672,1,121141,library/piwik
sha256:c2a5d8ccfabc2999cf2e1c94115756dc2c3372e9de5f04d925012fd78043a67e,7154,877924653,1,22,library/nginx
sha256:372ed1f8d987a32ba9d232534f6fd61c037a5111fdf5fb415afaf81bea85962a,0,450,1,0,fission/perl-env
sha256:74560fb79d672a9705f42a9ee8f2c3bc6aed799bd13c61c79310e11d5745e7c1,200,15579553,1,3889,library/vault
sha256:4158130dbb3f2d31b99d8d2ec0274455d8c96da6865443dfab0606a9550907de,664,15214572,1,257180071,library/cassandra
sha256:c355ce1b877f374d909a83345ffdeebb7624e95f8034214dfe8f8cdac6649a3d,41,819055,1,12001744,library/adminer
sha256:633a3fcf2031112c48b2837679158da7eea6dc869581e27bed545ee011fbe695,10,344204,1,4609,library/eggdrop
sha256:344a9148b4b65eb7973c2bc9e0ad10578f5f590198cd836d5d3bd0662aafdf44,3195,39008764,1,7593,library/jenkins
sha256:0abda7784ffda2819be6cc7af8748f5cfba0be4f3e488ce18f0e130ff9c6ea4f,1543,61134201,1,2478,library/golang
sha256:412dcd2f93dcaf9cff2500231b729aecf237c08f74a12e85aa150c43777c27e5,167,1572536,2,4961,library/adminer|library/composer
sha256:309042c0b38ddf3fbbeb8b41145f8609818c35dd2c6565e9aae383ff9aaeb266,42,1436705,1,8260168,library/bash
sha256:2970eaf0aec7f86ebc75e6ecca18aede907fc86310085807855fa2099df5d2c3,248,3853780,1,330973,library/rocket.chat
sha256:e7b03b9acb337a8ae1c8bae196837a48570ec0b54a08d1bb14e543347b89b42f,215,5633302,1,3523041,library/nextcloud
sha256:6e6184724be0215919d0c04dba3a529afb30c8893e089a4217355d1ee31e2a66,122,1116420,1,33006,library/php-zendserver
sha256:c421fd1cba64e10de9068b75242fae41a3400a5aca6d40c7b35a567bc98ae072,0,24741,1,6805,fission/node-env
sha256:6a5a5368e0c2d3e5909184fa28ddfd56072e7ff3ee9a945876f7eee5896ef5bb,99,633269,1,123013013,library/glassfish
sha256:492a6903face4f1da2fae153f27eb13a14dbdf61de5e134e8808fe9c57225dd2,162,1875546,1,71,library/websphere-liberty
sha256:050e2e49d41dfb5222eef5678c26c9eb61ece9a0ff3b0cc98adbf8e67cf6eefa,25,240309,1,470748696,library/fsharp
sha256:f997811ddfe19479437254564ba1b2fc7127d7badd1f184f77094094561b0cbf,21,1165480,1,3244779,library/flink
sha256:9f0d6027a2e75db29722d5173b8bb01f3267024463f19a2d1b4412562ea12fcb,1593,31405143,3,0,library/xwiki|library/geonetwork|library/tomcat
sha256:c76b0eeb6b4da36f6af1f62ec8b07597883176035553ff18633821edfd3750ad,99,633269,1,418216,library/glassfish
sha256:f2a27a9458e56f1462fe7973eb1765042294f7bf57ba9c667a15724bbebb12ad,162,1875546,1,1196649,library/websphere-liberty
sha256:2e7449aff4a93f67844e1ba908f888d94c7a2a1805a68399d01064058ccbdd9c,10,310690,1,0,library/spiped
sha256:85b1f47fba49da65256f07c8790542a3880e9216f9c491965040f35ce2c6ca7a,28470,1040590607,33,123410006,library/pypy|library/python|library/haskell|library/irssi|library/backdrop|library/ghost|library/percona|library/erlang|library/rethinkdb|library/mysql|library/mariadb|library/mongo-express|library/piwik|library/cassandra|library/redmine|library/ruby|library/hylang|library/php|library/drupal|library/haproxy|library/couchdb|library/rocket.chat|library/rakudo-star|library/julia|library/elixir|library/kibana|library/owncloud|library/known|library/joomla|library/node|library/nextcloud|library/httpd|library/wordpress
sha256:b20e08cc5084583de2e2f5d885aa3b02ecfdacdde94a945c6a513a28de497480,21,1165480,1,164140877,library/flink
sha256:e8512ca758302270e4f0a519f8afd1e4aaab0bbdb9f4bb369d93e3a547e53bf4,99,633269,1,349319816,library/glassfish
sha256:98ab63dc099c167bdaff469cf4d01512f9b680b88a3f04c6188aa6f7a591fd34,3652,92953770,7,68,library/backdrop|library/piwik|library/drupal|library/owncloud|library/joomla|library/nextcloud|library/wordpress
sha256:dc8be9228fac9441f0aa49211ef2e66385ea993896f3299df8d513e8657d3f6f,2,105055,1,23094,library/known
sha256:bfcc3ee8c6f1754cccbf44d08f633b9829c8205c8883a41ff1419ffa0250db82,126,753481,1,36877609,library/composer
sha256:a2c0c3bbad14d88302ee975cba74508b1bcb8cc3776d0fad34f463d53d409849,0,24741,1,0,fission/node-env
sha256:25ab1c059b3993029a55eb861e1f62b5450fae5bb0a6715022b5cb347228e8bc,162,1875546,1,38327916,library/websphere-liberty
sha256:3d89ae9a47e49744bd3d4f7132219541b8a8b0256ec635dade1ce61b15eaba33,4147,132908639,1,13259168,library/postgres
sha256:ab852b2eb12592a53beec3ab933720e8dd35c317fdca980aa3ce2d4810f6a6b0,70,775336,1,14326344,library/julia
sha256:a7bccb4a3faa93249c185c612749e352473c8004c55c69cf7aff6833f6c66739,195,931818,1,5646678,library/celery
sha256:fd350e12da2088e90d0000883fdaeae334235fe352d0caeb2d2224ae5320ed1e,162,1875546,1,1373,library/websphere-liberty
sha256:f80ee4231b7573e416ba5eb84fc1977fd2899d6af3aaaf88a7454a6877e1c6f3,0,278,2,45587725,fission/workflow-env|fission/fission-workflows-bundle
sha256:9b1a6c33df328559423d38a8ce2710b9578711826216209dcb223e02a52488ee,18,547303,1,813224,library/hylang
sha256:a243bffaf701da191efa481e3f8dd84dfcf7791b66db29c2d6ebd1958095da41,656,17559715,1,303553320,library/ghost
sha256:74d44b20f851c8ef0b042070ba8eb018b386f50fdae5c37871d3fe7b4cfb4956,14096,437455012,30,23837045,library/perl|library/buildpack-deps|library/golang|library/sonarqube|library/openjdk|library/logstash|library/gcc|library/kapacitor|library/maven|library/telegraf|library/jetty|library/kaazing-gateway|library/influxdb|library/rust|library/nuxeo|library/lightstreamer|library/xwiki|library/groovy|library/geonetwork|library/jenkins|library/elasticsearch|library/haxe|library/jruby|library/clojure|library/tomee|library/gradle|library/flink|library/convertigo|library/solr|library/tomcat
sha256:c5b631bdd0c6519403f19304e76d611254132b75099714b448524ff5ce99f669,853,108021186,1,124,library/memcached
sha256:00007c4bbbaadbcd43f410523cfac8f24ef34bdfdfdc89c712e68b19367ff01d,230,2254852,1,811483331,library/gcc
sha256:c9225f95e703f15f81c7ddd7bb821679c91217f672501466692d24aa77c92929,431,8676863,1,50,library/rethinkdb
sha256:9ed623dca71be068f7892d1902808b61680c819736e05a6c23b9b2eab5cf8852,80,631609,1,351,library/ubuntu-upstart
sha256:8bb5662b3c951fd6099ca1e685368f89bfd36558994bf8efc0be0601b2d38287,3,121827,1,0,library/convertigo
sha256:29b28d2e27b1792b8e6e971bae58bcef506741bcb8bc6745f8aecc95f77e1bf6,1,586,1,0,fission/go-env
sha256:8625595906f4de3733e113a1dc505a326ee903cc828cad12e6babfe7394df91a,55,1977859,1,17726322,library/kapacitor
sha256:58086cbb21fb6c2d654912e85abfc38319148a6a951766500132afbf53b106aa,195,931818,1,32,library/celery
sha256:77408ca9e94eb4bfeb346ab10c602857525802c2279e7c6995fcdbc90269444a,1592,45742741,1,10721,library/rabbitmq
sha256:fd53441bc4c5845aba8516a1fcf0e853cbb380145218c9fb191303944ac53fed,131,1320554,1,163890047,library/ros
sha256:2772066c04a3e0b313f1bf172a4e04cc34641d0b7c88e147aa931ea7cc9b4356,44,1071995,1,35411,library/chronograf
sha256:e975a06c12aff23e145f760a3d5ec85c07db6b347f1a2297eeb2d49db4c565b0,1,2211,1,0,fission/python-env
sha256:219d2e45b4afc3d80375a2fcf76505684de01f55027fb35a691099f0e538fdd8,0,557,2,0,fission/perl-env|fission/dotnet20-env
sha256:a14bef295019cb6902a6b9b4a10babfb82d1b74aeeefac44be7c60e22def9ce9,656,17559715,1,646,library/ghost
sha256:15ed6110da6519b39df39da2a709c3a0fcf2b1ffabf0b62af10ff631930c5ff3,131,1320554,1,19284372,library/ros
sha256:4c64abe3726bc6a358ce53b82d723bc1e84c6875c759ee271db7074d26e7ecc7,41,261619,1,20161300,library/kaazing-gateway
sha256:03a895d3dcd167be4893ed7b5fe811edf025507bc1bc97a0d9cd4ecd0d47e5bf,152,3815622,1,968,library/joomla
sha256:d9aaf4d82f249dc101a6638ff5177fe926cdebfa6c42d874dfa5029533da0e72,3888,103861611,2,196638432,library/kong|library/centos
sha256:f6c4ad998cfafabaa79abf77b1e796638d9f019eb812b8acc8290776d9f4a650,0,107,1,65333180,fission/dotnet20-env
sha256:8dd295b22e91927dbf790e00e037d2501b82b2be13767fbb134ce41321921ee5,44,1071995,1,10236249,library/chronograf
sha256:c409366612c664800abcb2ae17f179261dda931eebbc74d55fb42ea75a431a5a,87,2886403,1,1821957,library/crate
sha256:2ade7a861e3fe26356fa773e1b3f05add01be9ab4c977b711223c15fc30f458e,5286,90647800,7,394418,library/sonarqube|library/openjdk|library/maven|library/nuxeo|library/jenkins|library/clojure|library/gradle
sha256:6bb58d7e220d939103207ed4a4c4b65387e7444209bb1f1a01d1a14343f88544,41,819055,1,3081,library/adminer
sha256:e3636e3fe4b3c3a50856829ee86ea5eac6b24a54f2abc44c3fd570d862e4f4f5,400,2085341,1,0,library/odoo
sha256:8bceb9f576935acd4433bd41017d3b74ea1bcde02593938b3fdba8f594d353f3,5993,231028653,14,2050851,library/logstash|library/jetty|library/kaazing-gateway|library/lightstreamer|library/xwiki|library/groovy|library/geonetwork|library/elasticsearch|library/jruby|library/tomee|library/flink|library/convertigo|library/solr|library/tomcat
sha256:412f2d081014e91977d969a4076744ae04cc7d52f793ab9d49a3a0f1ca4ffcc1,592,4527109,1,37012712,library/django
sha256:533cb7dd2170f67649de7ea206702fc39fea85cbf43d9f90fe19767bc724691c,3,121827,1,333615,library/convertigo
sha256:2e65f0b00e4cfb1535d0f4e7a63707172ae63483fb33140d777614f199afcb36,1592,45742741,1,10245304,library/rabbitmq
sha256:31956d4eece0f795a6e338ba918cf8855495334e92ce37cbdd3e3708f836657d,3,326236,1,394418,library/rapidoid
sha256:5be1442ac0121cb0e686e9c09b6f05100ed2dd9ceb720febc0c2e4208c575521,4668,117861127,1,126012,library/node
sha256:7dd42782d26e2bbf0d49e35860ca528b73ea72e46b787312849502fe37e9b333,708,2648003,1,8464130,library/rails
sha256:6f5f71b1b6b31b07c838c920c786f08ddf63fcccd5e739bfababa85e4f97484d,797,9712144,1,93983829,library/owncloud
sha256:c312ce1e4a8ba0fabe9a5cbf58a9096233d3ebf6c99ed322167b47b46d9363dc,1898,60030698,2,14263729,library/percona|library/mariadb
sha256:259dba5307a266371e71552337c449525b456cded052902ff2ce9de8cc776698,822,38379511,1,5384158,library/haproxy
sha256:665f03535abd3b952b54befa252c7f59bb7c511ac75cbdefa77fed581f1589cb,10,344204,1,1303,library/eggdrop
sha256:4a1692bc0544f2d39fb1623ee04c97c677394d1373e61200ab35afa593c53268,338,21987999,1,59503819,library/influxdb
sha256:f28b27a3711e85640f14424aa619b37bc21fffa359b2496f5a996fe144e5a24d,0,24741,1,55321179,fission/node-env
sha256:e39dbc1f3b751b4f06d368c9ece0fe60b3a1254f40e1c90ef5267aadb262db73,1,2211,1,0,fission/python-env
sha256:729c6f698b7aec2b632f5eec960a611efe4ae1d2c1e0fb8260afbc4cd1092a47,58,1491086,1,411601,library/eclipse-mosquitto
sha256:61ea827714a55df933dd01119ac8e02ea75b2e3a60387af83c5098180578fc9b,0,217,1,0,fission/dotnet-env
sha256:787e3c45a9bbc93265062c8adb43a46a62c3b205d6421e35c1e867b3f7b0c3ce,4147,132908639,1,153574988,library/postgres
sha256:c9ade847cc747b6b7d0e6612f230243108b524d878d0c7cb28609a150e4f7b71,1,586,1,2478,fission/go-env
sha256:37c5f1c4ed08afdd4b023664f8243017ae0baf20a110916ffa3063bdda56f80b,209,4367856,1,0,library/jetty
sha256:7799136eb56180bd9f5f64c4854f5bf36a603da3c849be202045329a223d0d8b,592,4527109,1,48,library/django
sha256:351aa1eca715e33313efdff752dad6439ae327b92b4ec7ffe61a190443391f3e,848,18945587,2,4158520,library/ghost|library/mongo-express
sha256:23273e61b31a62e632a235b46342f1ec3ff3f01e393152b8cfeacbaa3f204e3d,1306,305360047,1,161,library/httpd
sha256:21d6c0d8b8046c9097a80694aba8d8ab55c553f2f9761f35f174d188ad761523,240,3794210,1,91098130,library/mono
sha256:4cd427c44fca003d57c5ad391bc709131ed308bc8468d9b1331db3f5571bac74,708,2648003,1,54284567,library/rails
sha256:7862fd1e4fe4883ee3cd99d01a5fcc1b7275bc2e4ae151a17ecdd0f3ab8a9f6b,338,21987999,1,135,library/influxdb
sha256:dfc27603e46bd3d4ee9b3e08f58b6a6b577c6cb5a6cb31ddc38937117f8d847f,40,1613175,1,92,library/neurodebian
sha256:82d4664b94238011b8f92b89282b02156fa8495d6740ed480e86b159bfd34865,162,1875546,1,18601121,library/websphere-liberty
sha256:25637219010c8dbff2e346437878b76bedcbd8d7363b236b3402310e71fd3f2b,766,52837052,1,277524,library/swarm
sha256:0be6f59e22410aafb99378564eadda4be26c0f12d825b8c22bef4fb16f92fa4c,259,4550466,1,935,library/zookeeper
sha256:e1fbf5f3bc23d89f238ec624c3c0acb96f413e135ec2296a036d2501b3949c08,1096,22799367,3,335107,library/ghost|library/mongo-express|library/rocket.chat
sha256:6decb850d2bc195e977880bcec1d4466ceb6ca0c48d1fa7a2efc7dd43595a44f,0,1522,1,58789096,fission/fission-ui
sha256:81bb6dd4f19abe23ed850f661d15cd8765b357aa7f7a789b77d72a33ab46454a,0,277,1,4737,fission/ruby-env
sha256:159de3cf101e0a10be9c44f65c56d4d6736cf0df58e6da23644a8c5807abdacb,5164,160265115,1,21401,library/mysql
sha256:a977e8d015ddea316dc1bea092c7715cd4328da3d6ea968deed06b80bb11e266,0,149,1,267815484,fission/go-builder
sha256:6e4a2b024a441682f171e4190ea4f32ed08b433be97e9e0881884c7494d0154d,41,819055,1,294837,library/adminer
sha256:77a479ef098f5bb27a5680296b9efaf20f4c42031c4ee4e2807e7fcb237f639c,0,217,1,0,fission/dotnet-env
sha256:1fd4ad4c36766953cb829872d4c2ed795e00ee2dadc122c413025f31bc211838,188,664236,1,393055,library/r-base
sha256:e6f4f96774095a7976b4f4a035bf77c86bcf95dcfca84da8d61d72f780e88165,5,653980,1,11840840,library/haxe
sha256:15aa953ba1a9ca7037126c4acbcd32b62668aa1c253b39605722e7be12b97349,3770,133780137,1,0,library/mongo
sha256:6096a2652508ac337dbe628bf45b7eac3ba7b2df7922fa356bbbccc70e9f7bd6,54,518228,1,145646,library/bonita
sha256:41b0521cbbb13b2d83d66380d3c7d93b433a01d13d272b5fb7d4c61135ace740,17,283938,1,2624,library/lightstreamer
sha256:fb95ab5480340193a679f58c726e208ce0a14a881cc48f3ec6b68490ca768abe,40,1613175,1,47,library/neurodebian
sha256:4306be1e8943b446026b96c2ef7b3ab8471c760774fd1cd11334df7084fed57b,708,2648003,1,122603016,library/rails
sha256:19ae35d047425948b630f791a9a74d50ebb54f782bf01d3bcd74a2ed98313067,0,147,1,0,fission/php-env
sha256:19a68c2b3f2ddd25bfb2bd7eb9aed9f0a7fdfc912a8f06b23240fd1e4e42f7a5,395,8785133,2,45876619,library/plone|library/sentry
sha256:35a26e3c5596d72b5ea7bbbe163540e871791961f8d78b3cdcc19535b39f41fe,1600,52249333,1,254376241,library/mariadb
sha256:c01acf69c64e3378e2a122e38214f727b556cf309c745133eacdc9bf3ff05f4e,215,5633302,1,140585668,library/nextcloud
sha256:7568ca85d492e32bb904d3c9f23e83b88579f24e47dc128d2bde81ba57b58d6e,195,931818,1,10739382,library/celery
sha256:2494b6ed7de3257508fc7c414e8d8e7629b9f82d28b7fc5cea4613b0557cb48e,587,41676711,1,95269921,library/docker
sha256:5040bd2983909aa8896b9932438c3f1479d25ae837a5f6220242a264d0221f2d,1530,35035183,1,123042948,library/java
sha256:95af4a2ef14314bbe878e9a11daa22110574cf6cf4cfc3948bdc4f3132abb540,2,105055,1,31937509,library/known
sha256:8bf2a146ddc0a6b103248b68d6f2e26d19497e7fa0fb795eb20d5e089ed766aa,1955,62763581,1,6755378,library/wordpress
sha256:9f581d5425d8921fe22c8dafd1c4150777ba5a3fb8110e788546a625ecf89e5a,41,187228,1,127521988,library/photon
sha256:994674730999ddbc5323141ce35763ca117ac0a0f37e3902efdac0abe5f27d75,479,5892596,1,157801918,library/redmine
sha256:9244331a890e4aec0df6e10bce14d07eaa1bde905780d45fc41f12fd615d732c,3,326236,1,1360225,library/rapidoid
sha256:99e8e88aec186cc1e64c58c86a0d4b5577e66a462d426a796b380a6094da4883,383,8360798,1,0,library/sentry
sha256:c4b45e832c38de44fbab83d5fcf9cbf66d069a51e6462d89ccc050051f25926d,0,25018,2,322694177,fission/node-env|fission/ruby-env
sha256:2c6c7eecf05c0bec0efcb492ccc4750a99cafa148883ad2f0a9e569a04ecf406,3,121827,1,483,library/convertigo
sha256:2468533f6948e168df28d7d8c73f087b55f639bd5b65314d0eb5a38ae86bc9fa,10,344204,1,4931,library/eggdrop
sha256:711ee295f85c11fefb4774e2af64cb1d87896d39395c9a023eb3eb8ce1b36f43,3195,39008764,1,333635,library/jenkins
sha256:f25e91f6f7e03bfdab2286b5dc5a84b9c2ab5619e3c49c952b0c327d552c0df5,400,2085341,1,816,library/odoo
sha256:31d9d91516b8b9604769d1dd4a951948cd1fe368ee7cc8b73bc129b37ee9b3d6,188,664236,1,104249025,library/r-base
sha256:70f78d857d8c3e11ec67c0f2a3ee2953da922b4f628821756a4d1519b222eca7,131,1320554,1,95,library/ros
sha256:7a7f9ca3fd40be6ec30a1b27cba2eec6ecebbbc58e4dcf24c3716f2c8c401fdb,592,4527109,1,204671306,library/django
sha256:a573e1651404e02e2c88040f5295d614f7f24b3edc26ec8d3a16102cf3592327,5,653980,1,22153782,library/haxe
sha256:1277f713586a59e25fd085e6e79724b875394f936fcf0ed182e80564bb6488f9,383,8360798,1,1497254,library/sentry
sha256:8387d9ff0016d004777e511a55e21672e4b6de49e32db2544b8ac0e2ee01d5ed,80,631609,1,187728797,library/ubuntu-upstart
sha256:aecb74a1bc6f66b7b3324723bc28455b44febd1e3b842d2f0a58486fc75463e2,18,547303,1,6092219,library/hylang
sha256:af1235b0ab99d889bf892548c4aca0dc80b0b29264cbe294d6d64c3c39411692,652,6463293,1,199325715,library/sonarqube
sha256:656d798931032e403321e9c37b55d8dae8aedf61b0a2bfaf4eba1b9a2fad29cf,0,1522,1,5747727,fission/fission-ui
sha256:8314d05808075ca6778a1bd268610a2cc3817bc810f6294278b1a4375eec95d9,451,5726687,1,170817058,library/solr
sha256:4aaec9c0a093ee78238fce05924a5ace95687368cc3bdd82557fd2afc387637d,2258,49556633,2,5234472,library/python|library/hylang
sha256:16441603196d12d6210c3aa4942270304ce047f6be5f2377b6d8f91a7b219c98,102,2379533,1,12953243,library/arangodb
sha256:0b2dbc671c9e7cc6e899cd71f0eeef4bb86ba05c84a789bd05d289250618b164,87,2886403,1,196601375,library/crate
sha256:2b6ef376ffbc0ba5dcee7b18ec7babce3abbb857392133c809a33ac8997367df,2816,50092959,1,6366,library/php
sha256:5ba5c1815115971b0359b716d5638f959880a1b2a904ff0e048f76c66b7833e2,3652,92953770,7,1924,library/backdrop|library/piwik|library/drupal|library/owncloud|library/joomla|library/nextcloud|library/wordpress
sha256:289396365571cdc9b38bb5d430fd9dc0e66cab5574c68bcc9a8fc20eef460e2d,3770,133780137,1,330382,library/mongo
sha256:3e2a5ad742727d571b9e6e2954f0e30414b9f826b23f78b75d4804c62064a4e7,383,8360798,1,8350541,library/sentry
sha256:afae3de684d701c618b1aca42148b857376a066f6b35bab3810eeddb924aef88,131,1320554,1,2381591,library/ros
sha256:ae79f251470513c2a0ec750117a81f2d58a50727901ca416efecf297b8a03913,7353,310161300,8,122025253,library/ibmjava|library/aerospike|library/websphere-liberty|library/bonita|library/gazebo|library/swift|library/ros|library/ubuntu
sha256:a8e11c9e71d9cf5b83a3fb9af60ff8ef064b6b883b9ee6f561e7b2933b7c7aee,2816,50092959,1,587,library/php
sha256:86dad54584d29f815244366642194d6b07896a866c5f9757dd63b3fc85f1c15c,338,21987999,1,150,library/influxdb
sha256:988372ba8a3eca0e3d52a96797f14428c69d066612c48469a9ad8bf3ec3b5f88,298,7781365,1,5403,library/percona
sha256:66ef8b0e34f68617197392d02408f64f6d2ac7da945b90bfc9a46faa05a7feff,126,753481,1,587,library/composer
sha256:aec9dbfbb1d2456b020da0590e79cdc02e74e139b3ba74e2f231bc3edac3d66a,3770,133780137,1,0,library/mongo
sha256:9d51568f58805f30b69c8643cd46fee81227d6d14e9707c44489ed2eb999f4cd,822,38379511,1,7496431,library/haproxy
sha256:a950a7e5647a8f4b3f6fd55a0cc9ae0f464037d248b7f03f2e89bb51162df9de,422,8448602,1,56526292,library/drupal
sha256:d5bc131d410eb84162eeea976435d25cd8b7ec8c75fbd2b77f5e872d23d42f5e,3652,92953770,7,237,library/backdrop|library/piwik|library/drupal|library/owncloud|library/joomla|library/nextcloud|library/wordpress
sha256:cf0b3b63987e77be44fa52bb37ff7e3c783c555cad374bd1f55f7e14d9dcf643,102,2379533,1,142580944,library/arangodb
sha256:8462fff0f6da5dc3bc90db4dd8667e5a964b36ac66eb85c82d1d129b1f107cb8,54,518228,1,330567,library/bonita
sha256:c52c9b87cc236823f57e8395458cabaca51593fb6230e00123f7eacb2af5ec48,0,66697,1,46233483,fission/fission-bundle
sha256:acb82b8c4c66756b885e7825abcdb268a358dd2e0759a21b99841cc33a7b640c,359,6765176,2,258763475,library/erlang|library/elixir
sha256:d60b4da903b3ca6208b78a56d828f0e9705e86b911fa2384d846f1ec35d4c40c,54,518228,1,222301654,library/bonita
sha256:5e93e52fcd2f9880757cd259fe7bff949701c9dd945b5b7eb3906910042dc7d3,0,147,1,1853921,fission/php-env
sha256:2fc8e7dc78999f44d609a57314fb004ad1fa1d348023ad9612cd690bc7659bdf,298,7781365,1,251082666,library/percona
sha256:f86426d4fa73db6efd56f456fb109cc5b3d985518cd95f02e9da76cc008532f6,2,105055,1,35030445,library/known
sha256:b1f00a6a160cd3696edba6f13ebd1d6a5808216a78ec4b753444ab8f30483b1f,100,3405820,2,3991428,library/znc|library/crate
sha256:2ee3940e3caf66af59a8465755990c51655712d661b2719633a9a3772039a417,0,147,1,0,fission/php-env
sha256:d0905028422997b4566a745059bbb686a0d21fc301ccd576ce3ee7636db9cf1f,122,1116420,1,45,library/php-zendserver
sha256:0c180b053696a3f4cf16aa7190a4cc13ca85903d7eb224b68f9a9ae08a82b385,122,4889685,1,88894,library/iojs
sha256:a76f9cda48adfddd1646ff0fd180141221c4f3e00b6daa7113f47d9b45121a56,2,105055,1,0,library/known
sha256:aa18ad1a0d334d80981104c599fa8cef9264552a265b1197af11274beba767cf,0,25018,2,0,fission/node-env|fission/ruby-env
sha256:8b10b33b3c742aa0c9d8b9be7c5c1f347949fcc5b71a6bc5d87aec1cbc91c8bb,664,15214572,1,1255371,library/cassandra
sha256:cce210d23042f063470178512de89fd8bf4d446ef54987078a17027f0b38a167,70,205039,1,21735176,library/hipache
sha256:33a159940c966a50f60a9b3b8fdd66a329cac5801d1382a21928e9f546c63072,1030,78444625,1,22,library/logstash
sha256:85c300fba453ca0d292c07eae64b855b06a5e42454a7e57bbdfe7caa0927e90a,3,121827,1,2321,library/convertigo
sha256:a5ec5aa60735b62cd36bbcd1ccf8ec87bd41950dcfd819c1b2d5a03a4a385699,4147,132908639,1,16862069,library/postgres
sha256:5ece05093ea7a19b694acdcdcddfb082102c5223f69fae6b8c431733f15702a5,0,17256,1,5103614,fission/fetcher
sha256:7b05ca8302833edf783c50f03cd7ba0b8e12bc872b053eda3e3ae7e1f17e2b4b,1592,45742741,1,3029706,library/rabbitmq
sha256:5a434bba05af972442f026e5b26bbd91b4638c430f244d1d7c4b5115a672586e,766,52837052,1,0,library/swarm
sha256:6dd6734484e20561fd803b9f87f4bff474f61153836a88e59e3ccaa7cd980ac0,1955,62763581,1,23923121,library/wordpress
sha256:bf0df491fd2e905203a9dd11b8efc67a152337cdea7168cbece4e430d13d05f6,6470,143151784,9,0,library/backdrop|library/piwik|library/php|library/drupal|library/owncloud|library/known|library/joomla|library/nextcloud|library/wordpress
sha256:b5b9e2d5e9c688b086ceac72340c20a571e633eccf624756bc66ba51f05ac832,4386,429934204,1,0,library/redis
sha256:d2b2ef7e52181c4a001db89c55d05f6c7c4c7c434ee2c530a356755a8420250a,1955,62763581,1,60,library/wordpress
sha256:f67323742a64d3540e24632f6d77dfb02e72301c00d1e9a3c28e0ef15478fff9,0,25018,2,122862089,fission/node-env|fission/ruby-env
sha256:425226034711dd26e5829df0fb8971dfb8e5cfa13268ff67d1b8c23db0dd3274,3652,92953770,7,7837794,library/backdrop|library/piwik|library/drupal|library/owncloud|library/joomla|library/nextcloud|library/wordpress
sha256:50d5ae05088395f0bff7ff97f8d838bb63c6c92557efc382ce61f2627374de47,22,2252821,1,41150750,library/groovy
sha256:c02c7df4a131d5f0376e1c7f1648add5f443facc8e18c7deeb0e85af7308ec76,31,6334952,1,87087291,library/ubuntu-debootstrap
sha256:0d6e41e1373282c2ef96d8f7c49a92505407c9f858d6e74e7d454d4d2e371b6e,4147,132908639,1,4324,library/postgres
sha256:ce65a504418b949405e6e5f3b3b537969af2d437ce354005d4349f8b4f55baf2,87,2886403,1,2165,library/crate
sha256:8d380c957e3e85d308c5520a5fa0a29687cf3bb956cd141b5fc14c78cf9dfed1,110,159234,1,639052673,library/swift
